Message,20240509T231511,Firmware: 07/21/23 18:56:40 2.17.4 STD IRID Final
Message,20240509T231511,Username: f10469
GPS,20240509T231511,17.966722,68.034790,9
GPS,20240509T233528,17.965712,68.034470,10
FLBB_CFG,20240509T233532,695,700
Message,20240509T233532,Park Descent Mission
CTD_P,20240509T233535,-0.22
CTD_P,20240509T233648,-0.01
CTD_P,20240509T233750,0.13
CTD_P,20240509T233852,0.16
CTD_P,20240509T233955,0.00
CTD_P,20240509T234057,0.17
CTD_P,20240509T234159,0.76
CTD_P,20240509T234301,4.60
CTD_P,20240509T234404,11.48
CTD_P,20240509T234506,20.46
CTD_P,20240509T234608,30.74
CTD_P,20240509T234711,41.57
CTD_P,20240509T234813,52.86
CTD_P,20240509T234915,64.54
CTD_P,20240509T234934,68.07
CTD_P,20240509T234936,68.31
CTD_P,20240509T235036,79.58
CTD_P,20240510T005039,525.82
CTD_P,20240510T015042,834.17
CTD_P,20240510T022327,949.11
CTD_P,20240510T023835,996.46
CTD_P,20240510T024025,1000.39
Message,20240510T024028,Park Mission
CTD_P,20240510T024031,1000.54
CTD_PTSH,20240510T024057,1001.40,8.8176,35.3690,-1.041783
CTD_P,20240510T024058,1001.46
Message,20240510T024101,Deep Descent Mission
CTD_P,20240510T024104,1001.63
CTD_P,20240510T024206,1004.56
CTD_P,20240510T024308,1009.90
CTD_P,20240510T024411,1017.05
CTD_P,20240510T024513,1025.59
CTD_P,20240510T024523,1027.13
CTD_P,20240510T024524,1027.34
CTD_P,20240510T024626,1036.58
CTD_P,20240510T025129,1081.85
CTD_P,20240510T025632,1128.53
CTD_P,20240510T030135,1175.82
CTD_P,20240510T030638,1223.99
CTD_P,20240510T031141,1271.58
CTD_P,20240510T031644,1318.15
CTD_P,20240510T032147,1362.82
CTD_P,20240510T032650,1405.17
CTD_P,20240510T033153,1445.25
CTD_P,20240510T033656,1484.67
CTD_P,20240510T034159,1522.89
CTD_P,20240510T034702,1561.07
CTD_P,20240510T035205,1598.24
CTD_P,20240510T035708,1635.81
CTD_P,20240510T040211,1672.84
CTD_P,20240510T040714,1710.42
CTD_P,20240510T041217,1747.69
CTD_P,20240510T041720,1784.48
CTD_P,20240510T042223,1820.43
CTD_P,20240510T042726,1854.78
CTD_P,20240510T043229,1887.14
CTD_P,20240510T043732,1919.08
CTD_P,20240510T044235,1950.70
CTD_P,20240510T044738,1982.48
CTD_P,20240510T045048,2002.13
Message,20240510T045051,ASCENT
CTD_P,20240510T045054,2002.72
CTD_P,20240510T045129,2006.21
CTD_P,20240510T045249,2012.00
CTD_P,20240510T045254,2012.28
CTD_P,20240510T045255,2012.34
CTD_P,20240510T045356,2014.79
CTD_P,20240510T045439,2015.92
CTD_P,20240510T045540,2015.11
CTD_P,20240510T045625,2013.24
CTD_P,20240510T045726,2008.97
CTD_P,20240510T045811,2005.46
CTD_P,20240510T045912,1999.68
CTD_P,20240510T045919,1999.01
Message,20240510T045921,CP Started
CTD_P,20240510T045956,1995.52
CTD_PTS,20240510T045958,1995.33,3.1587,34.8363
O2,20240510T050046,109.94820,26.26800,3.16517,47.71267,49.07867,57.09381,8.01514,1011.94299,866.38782,750.38287
FLBB,20240510T050050,55,126,568
CTD_P,20240510T050052,1990.35
CTD_P,20240510T050554,1963.35
NO3,20240510T050603,42.96
CTD_P,20240510T050608,1962.14
CTD_P,20240510T051110,1936.31
CTD_P,20240510T051612,1911.53
CTD_P,20240510T051835,1900.21
CTD_P,20240510T051839,1899.93
CTD_PTS,20240510T051841,1899.75,3.4734,34.8627
O2,20240510T051930,101.10200,24.35532,3.47614,48.36874,49.73474,57.79790,8.06316,1024.67200,864.96790,741.32861
FLBB,20240510T051933,55,112,567
CTD_P,20240510T051934,1895.62
CTD_P,20240510T052114,1887.92
CTD_P,20240510T052616,1865.40
CTD_P,20240510T053118,1843.93
CTD_P,20240510T053202,1840.60
CTD_P,20240510T053304,1835.05
CTD_P,20240510T053806,1808.17
CTD_P,20240510T053940,1800.00
CTD_PTS,20240510T053942,1799.84,3.8672,34.8961
O2,20240510T054030,88.11256,21.45499,3.88162,49.43444,50.80045,58.86745,8.06700,1044.79102,862.42828,729.47168
FLBB,20240510T054034,55,112,567
CTD_P,20240510T054036,1795.19
CTD_P,20240510T054308,1782.36
CTD_P,20240510T054810,1757.66
CTD_P,20240510T055312,1734.29
CTD_P,20240510T055814,1712.34
CTD_P,20240510T060106,1700.51
CTD_P,20240510T060116,1699.79
CTD_PTS,20240510T060118,1699.68,4.3493,34.9379
O2,20240510T060206,74.75269,18.42647,4.34906,50.62278,51.98878,60.05792,8.06914,1066.06299,859.17023,715.73212
FLBB,20240510T060210,56,110,566
CTD_P,20240510T060212,1696.06
CTD_P,20240510T060316,1691.76
CTD_P,20240510T060356,1688.86
CTD_P,20240510T060458,1683.66
CTD_P,20240510T061000,1657.71
CTD_P,20240510T061502,1631.56
CTD_P,20240510T062004,1605.36
CTD_P,20240510T062108,1599.77
CTD_PTS,20240510T062110,1599.60,4.9445,34.9904
O2,20240510T062158,60.78778,15.22118,4.95333,51.96747,53.33347,61.40971,8.07624,1088.61401,854.80511,697.86047
FLBB,20240510T062202,56,118,565
CTD_P,20240510T062204,1594.90
CTD_P,20240510T062506,1579.11
CTD_P,20240510T063008,1553.24
CTD_P,20240510T063510,1528.02
CTD_P,20240510T064012,1503.67
CTD_P,20240510T064100,1499.89
CTD_PTS,20240510T064102,1499.74,5.5089,35.0445
O2,20240510T064150,47.46414,12.05497,5.50595,53.42372,54.78972,62.87062,8.08090,1112.33606,850.83160,681.40863
FLBB,20240510T064154,57,117,564
CTD_P,20240510T064156,1495.57
CTD_P,20240510T064514,1480.77
CTD_P,20240510T065016,1460.06
CTD_P,20240510T065518,1441.28
CTD_P,20240510T065600,1438.52
CTD_P,20240510T065702,1433.52
CTD_P,20240510T070204,1409.38
CTD_P,20240510T070404,1400.08
CTD_P,20240510T070408,1399.75
CTD_PTS,20240510T070410,1399.62,6.2100,35.1090
O2,20240510T070458,34.88490,9.02237,6.22039,54.92214,56.28814,64.37331,8.08517,1134.79504,845.68542,659.98993
FLBB,20240510T070502,57,118,563
CTD_P,20240510T070503,1395.61
CTD_P,20240510T070706,1386.28
CTD_P,20240510T071208,1363.66
CTD_P,20240510T071250,1360.31
CTD_P,20240510T071352,1354.53
CTD_P,20240510T071854,1326.35
CTD_P,20240510T072339,1300.22
CTD_P,20240510T072343,1299.87
CTD_PTS,20240510T072345,1299.67,6.7497,35.1548
O2,20240510T072433,28.71671,7.52470,6.74023,55.69541,57.06141,65.14897,8.08756,1145.87000,841.91571,644.30139
FLBB,20240510T072437,59,118,562
CTD_P,20240510T072439,1294.81
CTD_P,20240510T072941,1268.09
CTD_P,20240510T073443,1242.24
CTD_P,20240510T073945,1217.87
CTD_P,20240510T074329,1200.81
CTD_P,20240510T074342,1199.84
CTD_PTS,20240510T074344,1199.69,7.4083,35.2239
O2,20240510T074432,19.43547,5.18074,7.42993,57.00457,58.37057,66.46474,8.09416,1163.86206,836.95282,623.35498
FLBB,20240510T074436,57,117,561
CTD_P,20240510T074438,1195.70
CTD_P,20240510T074447,1195.01
CTD_P,20240510T074949,1173.12
CTD_P,20240510T075451,1151.95
CTD_P,20240510T075533,1148.76
CTD_P,20240510T075635,1143.10
CTD_P,20240510T080137,1115.11
CTD_P,20240510T080423,1099.91
CTD_PTS,20240510T080425,1099.71,8.0508,35.2844
O2,20240510T080513,13.63658,3.69144,8.05766,57.87529,59.24129,67.34747,8.10618,1175.28101,832.09119,604.16443
FLBB,20240510T080517,57,120,560
CTD_P,20240510T080519,1094.80
CTD_P,20240510T080639,1087.63
CTD_P,20240510T081141,1061.70
CTD_P,20240510T081643,1037.59
CTD_P,20240510T082145,1015.43
CTD_P,20240510T082517,1000.78
CTD_P,20240510T082531,999.93
CTD_PTS,20240510T082533,999.76,8.7759,35.3628
O2,20240510T082621,7.59030,2.09187,8.79663,58.86447,60.23047,68.34447,8.11400,1187.98401,826.43701,581.42297
FLBB,20240510T082625,57,119,559
CTD_P,20240510T082627,996.16
CTD_P,20240510T082647,994.83
NO3,20240510T082656,39.90
CTD_P,20240510T082701,993.90
CTD_P,20240510T082743,990.79
CTD_P,20240510T082845,985.40
CTD_P,20240510T083347,959.34
CTD_P,20240510T083537,950.08
CTD_P,20240510T083541,949.75
CTD_PTS,20240510T083543,949.57,9.1659,35.3993
O2,20240510T083632,5.47027,1.52204,9.19388,59.22252,60.58852,68.70390,8.11539,1191.98499,823.49762,569.13318
FLBB,20240510T083635,57,118,558
CTD_P,20240510T083637,945.14
CTD_P,20240510T083849,934.11
CTD_P,20240510T084351,909.38
CTD_P,20240510T084547,900.03
CTD_P,20240510T084551,899.68
CTD_PTS,20240510T084553,899.52,9.5108,35.4267
O2,20240510T084642,4.65849,1.30772,9.56583,59.34249,60.70850,68.82637,8.11787,1192.77002,820.67401,557.58649
FLBB,20240510T084645,55,117,558
CTD_P,20240510T084647,895.34
CTD_P,20240510T084853,885.34
CTD_P,20240510T085355,862.26
CTD_P,20240510T085637,850.39
CTD_P,20240510T085645,849.82
CTD_PTS,20240510T085647,849.67,9.9151,35.4696
O2,20240510T085736,3.70101,1.04815,9.93856,59.49685,60.86285,68.98286,8.12002,1193.94897,817.64948,545.97748
FLBB,20240510T085739,55,115,557
CTD_P,20240510T085741,845.86
CTD_P,20240510T085859,840.47
CTD_P,20240510T085941,837.17
CTD_P,20240510T090043,831.58
CTD_P,20240510T090545,804.50
CTD_P,20240510T090637,799.97
CTD_PTS,20240510T090639,799.81,10.3560,35.5146
O2,20240510T090728,2.95763,0.84628,10.37599,59.60816,60.97416,69.09624,8.12208,1194.30005,814.23712,532.30719
FLBB,20240510T090731,55,108,557
CTD_P,20240510T090733,795.10
CTD_P,20240510T091047,778.68
CTD_P,20240510T091549,754.22
CTD_P,20240510T091644,749.80
CTD_PTS,20240510T091646,749.64,10.8119,35.5565
O2,20240510T091735,2.57529,0.74477,10.83253,59.64781,61.01381,69.13989,8.12608,1193.52795,810.44910,517.98749
FLBB,20240510T091738,56,110,556
CTD_P,20240510T091740,745.30
CTD_P,20240510T092051,729.80
CTD_P,20240510T092553,704.49
CTD_P,20240510T092649,699.67
CTD_PTS,20240510T092651,699.52,11.1095,35.5742
O2,20240510T092740,2.57786,0.75059,11.12541,59.62219,60.98819,69.11705,8.12886,1192.62805,808.09271,508.77390
FLBB,20240510T092743,58,110,555
CTD_P,20240510T092744,694.94
CTD_P,20240510T093055,679.06
CTD_P,20240510T093557,657.14
CTD_P,20240510T093738,650.72
CTD_P,20240510T093751,649.92
CTD_PTS,20240510T093753,649.80,11.3851,35.5900
O2,20240510T093842,2.54854,0.74661,11.39033,59.60573,60.97173,69.10274,8.13100,1192.02197,806.13928,500.42221
FLBB,20240510T093845,58,110,555
CTD_P,20240510T093847,646.56
CTD_P,20240510T094059,639.00
CTD_P,20240510T094601,622.68
CTD_P,20240510T094643,620.12
CTD_P,20240510T094745,615.37
CTD_P,20240510T094827,611.84
CTD_P,20240510T094929,605.79
CTD_P,20240510T095031,599.76
CTD_PTS,20240510T095033,599.58,11.6240,35.5813
O2,20240510T095122,2.55636,0.75260,11.60472,59.58569,60.95169,69.08191,8.13022,1191.41296,804.18610,493.65170
FLBB,20240510T095125,57,110,555
CTD_P,20240510T095127,594.51
CTD_P,20240510T095431,578.04
CTD_P,20240510T095933,552.96
CTD_P,20240510T100011,549.89
CTD_PTS,20240510T100013,549.75,11.9265,35.5788
O2,20240510T100102,2.42021,0.71819,11.95192,59.58558,60.95158,69.08400,8.13242,1190.74304,801.65381,482.66440
FLBB,20240510T100105,57,111,554
CTD_P,20240510T100107,545.36
CTD_P,20240510T100435,528.39
CTD_P,20240510T100937,502.31
CTD_P,20240510T101006,499.76
CTD_PTS,20240510T101008,499.57,12.2809,35.5900
O2,20240510T101057,2.30476,0.68947,12.30678,59.58096,60.94696,69.08076,8.13380,1189.90405,798.86609,471.40720
FLBB,20240510T101100,58,112,553
CTD_P,20240510T101102,494.85
CTD_P,20240510T101439,477.03
CTD_P,20240510T101941,456.02
CTD_P,20240510T102110,450.07
CTD_P,20240510T102114,449.80
CTD_PTS,20240510T102116,449.66,12.6198,35.6047
O2,20240510T102205,2.24318,0.67674,12.68134,59.56323,60.92923,69.06601,8.13678,1188.80005,795.89850,459.49609
FLBB,20240510T102208,55,116,553
CTD_P,20240510T102210,445.99
CTD_P,20240510T102443,435.07
CTD_P,20240510T102945,414.07
CTD_P,20240510T103025,411.32
CTD_P,20240510T103127,406.11
CTD_P,20240510T103242,399.81
CTD_PTS,20240510T103244,399.63,13.0254,35.5940
O2,20240510T103248,2.19678,0.66804,13.03619,59.54400,60.91000,69.04793,8.13792,1187.67102,792.62988,448.18509
FLBB,20240510T103251,57,122,552
CTD_P,20240510T103252,398.96
CTD_P,20240510T103629,381.57
CTD_P,20240510T104131,358.32
CTD_P,20240510T104322,350.45
CTD_P,20240510T104331,349.81
CTD_PTS,20240510T104333,349.69,13.6249,35.5975
O2,20240510T104336,2.10233,0.64770,13.62184,59.51689,60.88289,69.02176,8.13887,1185.61206,788.32178,429.46439
FLBB,20240510T104340,54,131,551
CTD_P,20240510T104341,349.13
CTD_P,20240510T104633,337.64
CTD_P,20240510T105135,317.97
CTD_P,20240510T105215,315.29
CTD_P,20240510T105317,310.16
CTD_P,20240510T105522,299.72
CTD_PTS,20240510T105524,299.57,14.2445,35.5997
O2,20240510T105528,2.05168,0.64087,14.24743,59.47686,60.84286,68.99141,8.14854,1182.93604,782.87732,409.39899
FLBB,20240510T105531,58,140,551
CTD_P,20240510T105532,298.89
CTD_P,20240510T105819,285.38
CTD_P,20240510T110321,263.70
CTD_P,20240510T110634,252.65
CTD_P,20240510T110723,249.94
CTD_PTS,20240510T110725,249.83,15.4264,35.6393
O2,20240510T110728,1.97720,0.63326,15.40168,59.39932,60.76532,68.92952,8.16420,1176.89697,772.49933,372.21411
FLBB,20240510T110732,57,147,549
CTD_P,20240510T110733,249.41
CTD_P,20240510T110823,246.58
CTD_P,20240510T111325,232.17
CTD_P,20240510T111405,230.55
CTD_P,20240510T111507,227.02
CTD_P,20240510T111547,224.48
CTD_P,20240510T111649,220.16
CTD_P,20240510T111727,217.35
CTD_P,20240510T111829,212.07
CTD_P,20240510T112053,200.24
CTD_P,20240510T112057,199.90
CTD_PTS,20240510T112059,199.72,17.6064,35.6856
O2,20240510T112102,1.82182,0.61089,17.57653,59.25991,60.62592,68.80791,8.18199,1165.43896,752.51398,301.70810
FLBB,20240510T112106,54,146,547
CTD_P,20240510T112107,199.07
CTD_P,20240510T112331,187.23
CTD_P,20240510T112833,167.47
CTD_P,20240510T113303,162.24
CTD_P,20240510T113335,162.25
CTD_P,20240510T113837,158.62
CTD_P,20240510T113915,157.53
CTD_P,20240510T114017,154.48
CTD_P,20240510T114057,152.34
CTD_P,20240510T114143,149.18
CTD_PTS,20240510T114145,149.08,21.9243,36.0677
O2,20240510T114148,31.95880,11.68551,21.90143,51.17057,52.53658,60.74190,8.20532,1028.89099,709.73273,160.86099
FLBB,20240510T114152,54,111,540
CTD_P,20240510T114153,148.52
CTD_P,20240510T114231,145.79
CTD_P,20240510T114333,140.98
CTD_P,20240510T114411,137.71
CTD_P,20240510T114513,131.58
CTD_P,20240510T115015,107.43
CTD_P,20240510T115150,102.77
CTD_P,20240510T115249,100.06
CTD_P,20240510T115253,99.88
CTD_PTS,20240510T115255,99.78,25.1624,36.1770
O2,20240510T115344,127.15900,49.63093,25.36400,36.11690,37.48290,45.70392,8.22102,719.70160,674.97400,48.85302
FLBB,20240510T115347,108,141,535
CTD_P,20240510T115349,97.45
CTD_P,20240510T115517,94.89
NO3,20240510T115527,9.30
CTD_P,20240510T115531,94.57
CTD_P,20240510T115741,91.74
CTD_P,20240510T115903,89.83
CTD_PTS,20240510T115905,89.79,26.2439,36.3449
O2,20240510T115954,189.44940,75.15176,26.25170,30.97886,32.34486,40.56993,8.22507,598.26477,664.88489,20.41029
FLBB,20240510T115957,135,154,533
CTD_P,20240510T115959,88.33
CTD_P,20240510T120033,87.31
CTD_P,20240510T120111,85.84
CTD_P,20240510T120213,82.03
CTD_P,20240510T120249,79.85
CTD_PTS,20240510T120251,79.69,26.9529,36.4217
O2,20240510T120340,235.07790,95.16303,27.37835,28.08700,29.45300,37.67553,8.22253,527.41498,657.45068,-15.47274
FLBB,20240510T120343,115,158,532
CTD_P,20240510T120344,75.91
CTD_P,20240510T120348,75.66
CTD_P,20240510T120450,72.21
CTD_P,20240510T120529,70.19
CTD_P,20240510T120533,69.93
CTD_PTS,20240510T120535,69.84,28.1211,36.4472
O2,20240510T120624,253.58150,104.35590,28.30462,26.93197,28.29797,36.52029,8.22231,498.46301,648.08649,-44.77012
FLBB,20240510T120627,73,151,531
CTD_P,20240510T120629,66.44
CTD_P,20240510T120708,64.03
CTD_P,20240510T120810,59.71
CTD_PTS,20240510T120812,59.57,28.8372,36.4814
O2,20240510T120901,255.94580,106.49270,28.92990,26.61666,27.98266,36.20649,8.22383,489.86069,641.10968,-64.43365
FLBB,20240510T120904,63,151,530
CTD_P,20240510T120906,55.98
CTD_P,20240510T120945,53.18
CTD_P,20240510T121035,49.08
CTD_PTS,20240510T121037,48.90,29.1328,36.3606
O2,20240510T121126,257.55539,108.04220,29.39847,26.39084,27.75684,35.98122,8.22438,483.96191,637.63959,-79.10486
FLBB,20240510T121129,60,152,529
CTD_P,20240510T121130,44.48
CTD_P,20240510T121134,44.18
CTD_PTS,20240510T121136,44.03,29.6514,36.3655
O2,20240510T121225,248.72340,105.15540,29.84876,26.60518,27.97118,36.19570,8.22453,488.60580,633.65228,-93.15048
FLBB,20240510T121228,59,155,528
CTD_P,20240510T121230,40.29
CTD_P,20240510T121234,40.04
CTD_PTS,20240510T121236,39.91,29.9022,36.3342
O2,20240510T121325,247.10851,104.62440,29.93273,26.64546,28.01146,36.23598,8.22452,489.31790,631.64337,-95.76358
FLBB,20240510T121328,57,161,528
CTD_P,20240510T121330,36.35
CTD_P,20240510T121334,36.07
CTD_PTS,20240510T121336,35.96,29.9472,36.3338
O2,20240510T121425,246.59810,104.48350,29.97435,26.65318,28.01918,36.24182,8.22264,489.29611,630.73468,-97.05823
FLBB,20240510T121428,56,145,527
CTD_P,20240510T121430,32.12
CTD_P,20240510T121434,31.78
CTD_PTS,20240510T121436,31.64,30.0039,36.3390
O2,20240510T121525,245.53590,104.24120,30.09002,26.65957,28.02557,36.24770,8.22214,489.35950,629.83722,-100.65330
FLBB,20240510T121528,55,145,527
CTD_P,20240510T121530,27.86
CTD_P,20240510T121534,27.58
CTD_PTS,20240510T121536,27.47,30.1398,36.3564
O2,20240510T121625,243.48340,103.54420,30.18780,26.71522,28.08121,36.30280,8.22158,490.44781,628.69000,-103.68970
FLBB,20240510T121628,55,141,527
CTD_P,20240510T121630,23.84
CTD_P,20240510T121634,23.60
CTD_PTS,20240510T121636,23.43,30.1999,36.3652
O2,20240510T121725,243.29201,103.51290,30.21591,26.71400,28.08000,36.30158,8.22158,490.29431,628.06897,-104.56230
FLBB,20240510T121728,54,139,526
CTD_P,20240510T121730,19.71
CTD_P,20240510T121734,19.43
CTD_PTS,20240510T121736,19.29,30.2229,36.3673
O2,20240510T121825,243.21519,103.55700,30.25902,26.70273,28.06873,36.28881,8.22009,489.97430,627.68402,-105.89980
FLBB,20240510T121828,56,141,526
CTD_P,20240510T121830,15.40
CTD_P,20240510T121834,15.16
CTD_PTS,20240510T121836,14.99,30.2839,36.3711
O2,20240510T121925,242.70219,103.43610,30.31384,26.70650,28.07250,36.29121,8.21871,489.96930,627.17950,-107.59980
FLBB,20240510T121928,54,142,526
CTD_P,20240510T121930,11.18
CTD_P,20240510T121934,10.91
CTD_PTS,20240510T121936,10.78,30.3180,36.3739
O2,20240510T122025,242.57040,103.44790,30.35204,26.69932,28.06532,36.28397,8.21865,489.68921,626.76752,-108.78400
FLBB,20240510T122028,55,145,526
CTD_P,20240510T122030,7.00
CTD_P,20240510T122034,6.72
CTD_PTS,20240510T122036,6.60,30.3624,36.3730
O2,20240510T122126,241.87399,103.66160,30.63996,26.63251,27.99851,36.21593,8.21741,487.97159,625.63379,-117.69650
FLBB,20240510T122129,53,105,525
CTD_P,20240510T122130,3.27
Message,20240510T122133,Surface Mission
CTD_P,20240510T122136,2.96
Message,20240510T122141,CP Stopped
CTD_P,20240510T122150,2.31
CTD_P,20240510T122151,2.26
O2,20240510T122154,241.42751,103.77280,30.81059,26.59467,27.96067,36.17551,8.21484,486.83911,624.07727,-122.96730
CTD_P,20240510T122156,2.06
O2,20240510T122209,241.43311,103.82440,30.83833,26.58512,27.95112,36.16492,8.21380,486.55490,623.47388,-123.82340
CTD_P,20240510T122210,1.41
O2,20240510T122224,241.48120,103.86120,30.84740,26.57998,27.94598,36.15774,8.21176,486.31360,623.06427,-124.10330
CTD_P,20240510T122226,0.75
O2,20240510T122239,241.59030,103.91500,30.85128,26.57392,27.93992,36.14856,8.20864,486.23849,622.85248,-124.22280
CTD_P,20240510T122240,0.11
O2,20240510T122254,239.02000,102.80270,30.84748,26.68812,28.05412,36.25860,8.20448,488.87561,622.74103,-124.10550
CTD_P,20240510T122255,0.05
O2,20240510T122310,238.89430,102.74170,30.84349,26.69502,28.06102,36.26905,8.20803,488.96729,622.63593,-123.98260
CTD_P,20240510T122311,0.05
O2,20240510T122324,238.82280,102.69650,30.83526,26.70096,28.06696,36.27183,8.20487,489.06311,622.49701,-123.72870
CTD_P,20240510T122325,0.05
O2,20240510T122339,239.98959,103.22060,30.84795,26.64517,28.01117,36.21922,8.20805,487.70480,622.48053,-124.12030
CTD_P,20240510T122341,0.08
O2,20240510T122354,240.62790,103.49240,30.84642,26.61764,27.98364,36.19078,8.20714,486.93109,622.39709,-124.07290
CTD_P,20240510T122355,0.02
O2,20240510T122409,240.96950,103.62430,30.83794,26.60552,27.97152,36.17645,8.20493,486.79700,622.42499,-123.81130
CTD_P,20240510T122411,0.00
CTD_P,20240510T122742,-0.23
O2,20240510T122745,242.37100,102.35410,29.78351,26.90186,28.26786,36.49641,8.22855,493.93188,625.43109,-91.11852
CTD_P,20240510T122747,-0.09
O2,20240510T122800,241.55270,102.23830,29.91357,26.89329,28.25929,36.47400,8.21471,493.89850,625.96613,-95.16750
CTD_P,20240510T122801,-0.24
O2,20240510T122815,240.39970,101.91500,30.00725,26.91219,28.27819,36.49092,8.21273,494.27649,626.05481,-98.08104
CTD_P,20240510T122816,-0.26
O2,20240510T122831,240.37900,101.84250,29.97098,26.92554,28.29153,36.50077,8.20924,494.69919,625.93732,-96.95319
CTD_P,20240510T122832,-0.24
O2,20240510T122845,238.15230,101.19970,30.14344,26.96574,28.33174,36.54230,8.21056,495.60129,625.24518,-102.31270
CTD_P,20240510T122846,-0.16
O2,20240510T122900,239.37170,101.49450,30.01597,26.95491,28.32091,36.52982,8.20892,495.34750,624.99799,-98.35229
CTD_P,20240510T122902,-0.23
O2,20240510T122915,241.12810,102.25200,30.02320,26.87450,28.24050,36.44695,8.20644,493.32559,625.63788,-98.57701
CTD_P,20240510T122916,-0.22
O2,20240510T122930,237.84731,101.07790,30.14792,26.97790,28.34389,36.55087,8.20698,495.93701,625.83301,-102.45180
CTD_P,20240510T122932,-0.25
O2,20240510T122945,240.55800,101.62690,29.80536,26.97445,28.34045,36.54734,8.20689,495.83051,625.71741,-91.79899
CTD_P,20240510T122946,-0.22
O2,20240510T123000,240.68620,101.73120,29.83386,26.95897,28.32497,36.53085,8.20588,495.42239,626.56909,-92.68638
CTD_P,20240510T123001,-0.22
CTD_P,20240510T123003,-0.23
CTD_P,20240510T123028,-0.21
CTD_bins,20240510T123428,26517,1000,1998.360
CTD_CP,20240510T123447,2.90,30.8037,36.3849,6
CTD_CP,20240510T123447,3.97,30.6304,36.3798,34
CTD_CP_H,20240510T123448,5.97,30.3874,36.3742,30,-1.003672,15
CTD_CP_H,20240510T123448,7.98,30.3439,36.3728,29,-1.003639,15
CTD_CP_H,20240510T123448,10.00,30.3259,36.3725,29,-1.003647,14
CTD_CP_H,20240510T123448,12.00,30.3094,36.3722,28,-1.003658,14
CTD_CP_H,20240510T123448,14.00,30.2961,36.3711,29,-1.003676,15
CTD_CP_H,20240510T123448,16.04,30.2592,36.3683,28,-1.003682,14
CTD_CP_H,20240510T123448,18.05,30.2336,36.3672,28,-1.003655,14
CTD_CP_H,20240510T123448,20.03,30.2168,36.3664,28,-1.003665,14
CTD_CP_H,20240510T123448,22.00,30.2082,36.3653,29,-1.003658,14
CTD_CP_H,20240510T123448,24.01,30.1951,36.3655,30,-1.003642,15
CTD_CP_H,20240510T123448,26.03,30.1819,36.3626,30,-1.003631,15
CTD_CP_H,20240510T123448,28.01,30.1217,36.3533,29,-1.003600,15
CTD_CP_H,20240510T123448,29.97,30.0485,36.3446,28,-1.003579,14
CTD_CP_H,20240510T123448,31.98,29.9955,36.3375,28,-1.003577,14
CTD_CP_H,20240510T123449,34.01,29.9645,36.3339,28,-1.003592,14
CTD_CP_H,20240510T123449,36.04,29.9483,36.3330,30,-1.003553,15
CTD_CP_H,20240510T123449,38.03,29.9373,36.3327,29,-1.003556,14
CTD_CP_H,20240510T123449,39.98,29.9035,36.3333,31,-1.003587,16
CTD_CP_H,20240510T123449,41.97,29.8259,36.3324,29,-1.003633,14
CTD_CP_H,20240510T123449,43.97,29.6268,36.3577,27,-1.003884,14
CTD_CP_H,20240510T123449,46.00,29.3043,36.3423,24,-1.003999,12
CTD_CP_H,20240510T123449,48.02,29.1402,36.3564,24,-1.004160,12
CTD_CP_H,20240510T123449,50.01,29.1182,36.3635,24,-1.004178,12
CTD_CP_H,20240510T123449,52.00,29.0535,36.3892,24,-1.004299,12
CTD_CP_H,20240510T123449,54.02,29.0364,36.4113,27,-1.004355,13
CTD_CP_H,20240510T123449,56.01,28.9566,36.4277,30,-1.004420,15
CTD_CP_H,20240510T123449,57.99,28.9002,36.4517,30,-1.004454,15
CTD_CP_H,20240510T123450,59.99,28.8293,36.4822,29,-1.004493,15
CTD_CP_H,20240510T123450,62.01,28.7613,36.4842,29,-1.004511,14
CTD_CP_H,20240510T123450,64.02,28.6548,36.4776,29,-1.004572,15
CTD_CP_H,20240510T123450,66.01,28.4706,36.4647,34,-1.004682,17
CTD_CP_H,20240510T123450,67.99,28.2534,36.4552,31,-1.004935,15
CTD_CP_H,20240510T123450,70.02,28.0728,36.4381,34,-1.005541,17
CTD_CP_H,20240510T123450,71.99,27.8673,36.4110,40,-1.006448,20
CTD_CP_H,20240510T123450,74.01,27.6340,36.4326,37,-1.006339,19
CTD_CP_H,20240510T123450,75.99,27.4849,36.4192,29,-1.006920,14
CTD_CP_H,20240510T123450,78.00,27.1934,36.4362,28,-1.007108,14
CTD_CP_H,20240510T123450,80.02,26.9493,36.4190,30,-1.007861,15
CTD_CP_H,20240510T123450,81.98,26.8023,36.4024,33,-1.008677,17
CTD_CP_H,20240510T123450,84.01,26.4963,36.3708,32,-1.010190,16
CTD_CP_H,20240510T123450,86.11,26.3701,36.3608,42,-1.010797,21
CTD_CP_H,20240510T123451,88.03,26.3103,36.3578,69,-1.011203,34
CTD_CP_H,20240510T123451,90.04,26.2250,36.3409,79,-1.011643,40
CTD_CP_H,20240510T123451,91.99,26.1079,36.3195,93,-1.012374,46
CTD_CP_H,20240510T123451,94.01,25.8565,36.2865,91,-1.013813,46
CTD_CP_H,20240510T123451,95.92,25.6949,36.2561,70,-1.014946,35
CTD_CP_H,20240510T123451,97.96,25.4100,36.2095,49,-1.016734,24
CTD_CP_H,20240510T123451,99.98,25.1451,36.1737,43,-1.018087,22
CTD_CP_H,20240510T123451,102.01,25.0197,36.1598,45,-1.018559,22
CTD_CP_H,20240510T123451,103.99,24.9588,36.1518,42,-1.018835,21
CTD_CP_H,20240510T123451,105.97,24.7330,36.1337,39,-1.019593,20
CTD_CP_H,20240510T123451,107.97,24.6210,36.1295,36,-1.019827,18
CTD_CP_H,20240510T123451,109.99,24.4180,36.1078,32,-1.020663,16
CTD_CP_H,20240510T123451,111.99,24.2713,36.0892,30,-1.021291,15
CTD_CP_H,20240510T123452,113.98,24.1580,36.0754,28,-1.021793,14
CTD_CP_H,20240510T123452,116.00,23.9432,36.0513,26,-1.022505,13
CTD_CP_H,20240510T123452,117.99,23.8726,36.0909,24,-1.021467,12
CTD_CP_H,20240510T123452,120.00,23.9592,36.1598,23,-1.019928,11
CTD_CP_H,20240510T123452,122.01,24.0823,36.2952,22,-1.018065,11
CTD_CP_H,20240510T123452,123.97,23.9705,36.2779,21,-1.018769,11
CTD_CP_H,20240510T123452,125.96,23.7476,36.2429,21,-1.019958,10
CTD_CP_H,20240510T123452,127.98,23.6096,36.2154,21,-1.020722,11
CTD_CP_H,20240510T123452,130.02,23.4410,36.1884,21,-1.021590,10
CTD_CP_H,20240510T123452,132.01,23.1550,36.1487,20,-1.022774,10
CTD_CP_H,20240510T123452,134.00,22.9958,36.1496,20,-1.023433,10
CTD_CP_H,20240510T123452,136.00,22.9603,36.1801,20,-1.023592,10
CTD_CP_H,20240510T123452,138.03,22.8181,36.1594,22,-1.024229,11
CTD_CP_H,20240510T123452,140.05,22.7325,36.1492,24,-1.024768,12
CTD_CP_H,20240510T123453,141.99,22.5797,36.1291,25,-1.025802,13
CTD_CP_H,20240510T123453,143.97,22.4679,36.1108,26,-1.026446,13
CTD_CP_H,20240510T123453,146.01,22.2085,36.0804,27,-1.027436,13
CTD_CP_H,20240510T123453,148.03,21.9943,36.0562,29,-1.028195,15
CTD_CP_H,20240510T123453,149.99,21.9154,36.0859,28,-1.028713,14
CTD_CP_H,20240510T123453,152.00,21.8387,36.0887,31,-1.028955,15
CTD_CP_H,20240510T123453,154.01,21.7070,36.0673,40,-1.029352,20
CTD_CP_H,20240510T123453,155.98,21.5542,36.0365,40,-1.029892,20
CTD_CP_H,20240510T123453,158.15,21.1563,35.9692,65,-1.030653,33
CTD_CP_H,20240510T123453,160.04,20.9654,35.9335,94,-1.031083,46
CTD_CP_H,20240510T123453,162.15,20.7533,35.8989,334,-1.031721,168
CTD_CP_H,20240510T123453,163.90,20.3776,35.9149,90,-1.032795,45
CTD_CP_H,20240510T123453,165.94,20.2419,35.9379,59,-1.033238,29
CTD_CP_H,20240510T123454,167.96,19.9874,35.9132,45,-1.033817,23
CTD_CP_H,20240510T123454,170.01,19.6725,35.8779,39,-1.034175,19
CTD_CP_H,20240510T123454,172.00,19.4275,35.8436,32,-1.034346,16
CTD_CP_H,20240510T123454,173.98,19.2618,35.8282,32,-1.034606,16
CTD_CP_H,20240510T123454,175.99,19.1595,35.8162,29,-1.034704,15
CTD_CP_H,20240510T123454,178.00,18.9335,35.7876,28,-1.034827,14
CTD_CP_H,20240510T123454,180.01,18.8602,35.7871,27,-1.035072,13
CTD_CP_H,20240510T123454,181.99,18.7395,35.7749,26,-1.035203,13
CTD_CP_H,20240510T123454,183.99,18.6031,35.7486,27,-1.035273,14
CTD_CP_H,20240510T123454,186.03,18.4719,35.7335,26,-1.035391,13
CTD_CP_H,20240510T123454,188.03,18.5185,35.7794,25,-1.035445,12
CTD_CP_H,20240510T123454,190.02,18.4334,35.8028,24,-1.035621,12
CTD_CP_H,20240510T123454,191.98,18.3143,35.7879,24,-1.035744,12
CTD_CP_H,20240510T123454,193.99,18.1445,35.7588,25,-1.035862,13
CTD_CP_H,20240510T123455,196.02,17.8561,35.7180,24,-1.035994,12
CTD_CP_H,20240510T123455,198.03,17.6627,35.6936,24,-1.036221,12
CTD_CP_H,20240510T123455,200.01,17.5851,35.6862,24,-1.036300,12
CTD_CP_H,20240510T123455,201.99,17.4681,35.6791,25,-1.036443,12
CTD_CP_H,20240510T123455,204.01,17.3687,35.6708,25,-1.036573,13
CTD_CP_H,20240510T123455,205.99,17.3299,35.6660,24,-1.036631,12
CTD_CP_H,20240510T123455,207.99,17.1581,35.6436,25,-1.036749,12
CTD_CP_H,20240510T123455,210.02,16.9089,35.6254,23,-1.036976,12
CTD_CP_H,20240510T123455,212.01,16.8599,35.6340,24,-1.037024,12
CTD_CP_H,20240510T123455,213.99,16.8585,35.6588,22,-1.037065,11
CTD_CP_H,20240510T123455,215.97,16.7265,35.6507,24,-1.037156,12
CTD_CP_H,20240510T123455,218.01,16.6092,35.6464,26,-1.037291,13
CTD_CP_H,20240510T123455,220.01,16.5328,35.6496,29,-1.037425,14
CTD_CP_H,20240510T123456,222.03,16.4412,35.6644,29,-1.037555,15
CTD_CP_H,20240510T123456,224.03,16.3515,35.6589,28,-1.037672,14
CTD_CP_H,20240510T123456,226.01,16.1887,35.6510,32,-1.037859,16
CTD_CP_H,20240510T123456,227.98,16.0799,35.6503,35,-1.037973,17
CTD_CP_H,20240510T123456,230.04,16.0761,35.6698,37,-1.037962,19
CTD_CP_H,20240510T123456,232.02,16.0143,35.6633,54,-1.038046,27
CTD_CP_H,20240510T123456,233.97,15.9492,35.6590,50,-1.038088,25
CTD_CP_H,20240510T123456,236.00,15.9063,35.6680,45,-1.038169,22
CTD_CP_H,20240510T123456,237.99,15.8439,35.6623,42,-1.038261,21
CTD_CP_H,20240510T123456,239.98,15.8158,35.6640,39,-1.038250,20
CTD_CP_H,20240510T123456,241.98,15.8137,35.6829,37,-1.038222,18
CTD_CP_H,20240510T123456,244.01,15.7272,35.6774,37,-1.038318,19
CTD_CP_H,20240510T123456,246.00,15.6362,35.6646,36,-1.038427,18
CTD_CP_H,20240510T123457,248.01,15.5525,35.6572,36,-1.038532,18
CTD_CP_H,20240510T123457,250.02,15.4111,35.6383,36,-1.038634,18
CTD_CP_H,20240510T123457,251.98,15.3058,35.6264,35,-1.038726,17
CTD_CP_H,20240510T123457,253.98,15.2012,35.6200,37,-1.038830,19
CTD_CP_H,20240510T123457,256.01,15.1889,35.6280,36,-1.038846,18
CTD_CP_H,20240510T123457,258.01,15.1601,35.6278,35,-1.038879,17
CTD_CP_H,20240510T123457,259.99,15.0638,35.6156,34,-1.038962,17
CTD_CP_H,20240510T123457,261.99,15.0143,35.6182,34,-1.038984,17
CTD_CP_H,20240510T123457,264.00,14.9494,35.6156,32,-1.039010,16
CTD_CP_H,20240510T123457,265.99,14.8991,35.6135,31,-1.039061,16
CTD_CP_H,20240510T123457,267.99,14.8791,35.6148,31,-1.039080,15
CTD_CP_H,20240510T123457,270.00,14.8616,35.6141,29,-1.039086,15
CTD_CP_H,20240510T123457,272.01,14.7880,35.6117,29,-1.039138,14
CTD_CP_H,20240510T123457,274.02,14.7264,35.6070,28,-1.039202,14
CTD_CP_H,20240510T123458,276.01,14.6111,35.5982,27,-1.039299,14
CTD_CP_H,20240510T123458,277.99,14.5766,35.5967,26,-1.039339,13
CTD_CP_H,20240510T123458,279.98,14.5306,35.5945,26,-1.039399,13
CTD_CP_H,20240510T123458,281.96,14.5111,35.6019,25,-1.039416,12
CTD_CP_H,20240510T123458,283.99,14.4835,35.6132,25,-1.039423,13
CTD_CP_H,20240510T123458,285.98,14.4609,35.6180,24,-1.039428,12
CTD_CP_H,20240510T123458,288.00,14.4556,35.6189,26,-1.039440,13
CTD_CP_H,20240510T123458,290.00,14.4401,35.6163,24,-1.039447,12
CTD_CP_H,20240510T123458,291.98,14.3417,35.6028,25,-1.039557,12
CTD_CP_H,20240510T123458,293.99,14.2871,35.5935,25,-1.039561,13
CTD_CP_H,20240510T123458,295.99,14.2619,35.5898,24,-1.039594,12
CTD_CP_H,20240510T123458,298.00,14.2379,35.5886,25,-1.039593,12
CTD_CP_H,20240510T123458,300.01,14.2460,35.5992,24,-1.039596,12
CTD_CP_H,20240510T123458,302.01,14.2281,35.5999,25,-1.039622,13
CTD_CP_H,20240510T123459,304.00,14.1964,35.5966,23,-1.039625,11
CTD_CP_H,20240510T123459,306.00,14.2065,35.6163,25,-1.039612,13
CTD_CP_H,20240510T123459,308.03,14.1699,35.6190,23,-1.039617,11
CTD_CP_H,20240510T123459,310.02,14.0736,35.6103,24,-1.039676,12
CTD_CP_H,20240510T123459,312.01,14.0257,35.6060,23,-1.039714,12
CTD_CP_H,20240510T123459,314.00,13.9947,35.6017,25,-1.039802,12
CTD_CP_H,20240510T123459,316.05,13.9020,35.5850,28,-1.039843,14
CTD_CP_H,20240510T123459,318.01,13.8819,35.5809,32,-1.039890,16
CTD_CP_H,20240510T123459,319.99,13.8676,35.5797,32,-1.039907,16
CTD_CP_H,20240510T123459,321.99,13.8617,35.5899,31,-1.039881,16
CTD_CP_H,20240510T123459,324.00,13.8732,35.5993,31,-1.039831,15
CTD_CP_H,20240510T123459,326.01,13.8670,35.6001,31,-1.039825,16
CTD_CP_H,20240510T123459,327.99,13.8668,35.5991,30,-1.039822,15
CTD_CP_H,20240510T123500,329.99,13.8472,35.5976,31,-1.039848,15
CTD_CP_H,20240510T123500,332.02,13.8154,35.5954,30,-1.039881,15
CTD_CP_H,20240510T123500,334.00,13.7934,35.5938,30,-1.039912,15
CTD_CP_H,20240510T123500,335.99,13.7910,35.5960,30,-1.039913,15
CTD_CP_H,20240510T123500,338.01,13.7768,35.6011,31,-1.039916,16
CTD_CP_H,20240510T123500,340.00,13.7538,35.6018,29,-1.039931,14
CTD_CP_H,20240510T123500,341.97,13.7324,35.6048,30,-1.039950,15
CTD_CP_H,20240510T123500,343.97,13.6909,35.6003,30,-1.039982,15
CTD_CP_H,20240510T123500,345.98,13.6621,35.5992,30,-1.039990,15
CTD_CP_H,20240510T123500,347.98,13.6400,35.5986,29,-1.040002,15
CTD_CP_H,20240510T123500,349.97,13.6221,35.5980,29,-1.039993,14
CTD_CP_H,20240510T123500,352.01,13.6077,35.5998,30,-1.040000,15
CTD_CP_H,20240510T123500,354.01,13.5498,35.5970,27,-1.040041,14
CTD_CP_H,20240510T123501,355.99,13.5144,35.5984,28,-1.040031,14
CTD_CP_H,20240510T123501,358.01,13.5107,35.6003,28,-1.040009,14
CTD_CP_H,20240510T123501,360.01,13.4925,35.5999,27,-1.039984,13
CTD_CP_H,20240510T123501,362.01,13.4692,35.5990,27,-1.039999,14
CTD_CP_H,20240510T123501,364.03,13.4804,35.6091,27,-1.039970,13
CTD_CP_H,20240510T123501,366.03,13.4397,35.6029,26,-1.039997,13
CTD_CP_H,20240510T123501,368.01,13.4231,35.6000,26,-1.039999,13
CTD_CP_H,20240510T123501,370.02,13.3734,35.5921,26,-1.040031,13
CTD_CP_H,20240510T123501,372.00,13.3094,35.5839,25,-1.040023,13
CTD_CP_H,20240510T123501,374.00,13.2880,35.5818,26,-1.040031,13
CTD_CP_H,20240510T123501,376.02,13.2284,35.5776,25,-1.040000,12
CTD_CP_H,20240510T123501,378.01,13.2086,35.5776,25,-1.039986,13
CTD_CP_H,20240510T123501,379.99,13.1820,35.5758,25,-1.039996,12
CTD_CP_H,20240510T123501,381.97,13.1708,35.5760,25,-1.040000,13
CTD_CP_H,20240510T123502,383.99,13.1735,35.5846,26,-1.039950,13
CTD_CP_H,20240510T123502,386.00,13.1689,35.5896,25,-1.039936,12
CTD_CP_H,20240510T123502,388.02,13.1701,35.5923,26,-1.039915,13
CTD_CP_H,20240510T123502,390.04,13.1746,35.5993,25,-1.039877,13
CTD_CP_H,20240510T123502,392.00,13.1430,35.5958,24,-1.039886,12
CTD_CP_H,20240510T123502,393.97,13.1183,35.5947,25,-1.039858,12
CTD_CP_H,20240510T123502,396.01,13.0920,35.5951,25,-1.039855,13
CTD_CP_H,20240510T123502,398.00,13.0893,35.5985,24,-1.039845,12
CTD_CP_H,20240510T123502,399.99,13.0342,35.5960,24,-1.039829,12
CTD_CP_H,20240510T123502,402.00,13.0479,35.6043,24,-1.039803,12
CTD_CP_H,20240510T123502,404.03,13.0777,35.6176,24,-1.039738,12
CTD_CP_H,20240510T123502,406.03,13.0939,35.6272,23,-1.039690,11
CTD_CP_H,20240510T123502,408.00,13.0861,35.6263,23,-1.039678,12
CTD_CP_H,20240510T123503,409.97,13.0838,35.6249,24,-1.039662,12
CTD_CP_H,20240510T123503,412.03,13.0368,35.6185,28,-1.039695,14
CTD_CP_H,20240510T123503,414.02,12.9141,35.5974,31,-1.039723,15
CTD_CP_H,20240510T123503,415.99,12.8839,35.5923,31,-1.039761,16
CTD_CP_H,20240510T123503,418.00,12.8802,35.5945,30,-1.039757,15
CTD_CP_H,20240510T123503,420.00,12.8952,35.6060,29,-1.039702,14
CTD_CP_H,20240510T123503,421.99,12.8950,35.6110,29,-1.039684,15
CTD_CP_H,20240510T123503,423.99,12.8598,35.6047,29,-1.039710,14
CTD_CP_H,20240510T123503,426.00,12.8153,35.6007,28,-1.039740,14
CTD_CP_H,20240510T123503,428.01,12.8058,35.6042,28,-1.039694,14
CTD_CP_H,20240510T123503,430.01,12.8161,35.6099,27,-1.039688,14
CTD_CP_H,20240510T123503,432.01,12.8455,35.6244,28,-1.039604,14
CTD_CP_H,20240510T123503,434.03,12.8655,35.6360,28,-1.039569,14
CTD_CP_H,20240510T123503,436.04,12.8692,35.6368,28,-1.039573,14
CTD_CP_H,20240510T123504,438.01,12.8600,35.6353,27,-1.039581,13
CTD_CP_H,20240510T123504,439.98,12.7693,35.6217,28,-1.039594,14
CTD_CP_H,20240510T123504,441.97,12.7602,35.6229,28,-1.039570,14
CTD_CP_H,20240510T123504,444.00,12.7617,35.6295,29,-1.039523,15
CTD_CP_H,20240510T123504,446.01,12.7072,35.6199,28,-1.039567,14
CTD_CP_H,20240510T123504,447.98,12.6644,35.6121,29,-1.039586,14
CTD_CP_H,20240510T123504,449.97,12.6179,35.6040,30,-1.039613,15
CTD_CP_H,20240510T123504,451.97,12.5896,35.5992,30,-1.039635,15
CTD_CP_H,20240510T123504,453.97,12.6151,35.6065,30,-1.039607,15
CTD_CP_H,20240510T123504,456.00,12.6548,35.6186,30,-1.039564,15
CTD_CP_H,20240510T123504,458.00,12.6618,35.6210,29,-1.039547,15
CTD_CP_H,20240510T123504,459.96,12.6746,35.6294,30,-1.039486,15
CTD_CP_H,20240510T123504,461.96,12.6759,35.6319,30,-1.039472,15
CTD_CP_H,20240510T123505,464.00,12.6691,35.6303,30,-1.039478,15
CTD_CP_H,20240510T123505,465.99,12.6399,35.6264,28,-1.039504,14
CTD_CP_H,20240510T123505,467.99,12.6126,35.6216,30,-1.039493,15
CTD_CP_H,20240510T123505,470.02,12.5668,35.6130,28,-1.039538,14
CTD_CP_H,20240510T123505,472.01,12.4818,35.5957,28,-1.039566,14
CTD_CP_H,20240510T123505,474.00,12.5118,35.6037,27,-1.039536,13
CTD_CP_H,20240510T123505,475.98,12.4995,35.6052,27,-1.039529,14
CTD_CP_H,20240510T123505,477.99,12.4421,35.5975,26,-1.039540,13
CTD_CP_H,20240510T123505,479.98,12.4153,35.5968,25,-1.039535,12
CTD_CP_H,20240510T123505,481.99,12.3775,35.5918,26,-1.039529,13
CTD_CP_H,20240510T123505,484.00,12.3602,35.5900,24,-1.039531,12
CTD_CP_H,20240510T123505,485.97,12.3516,35.5893,24,-1.039530,12
CTD_CP_H,20240510T123505,488.00,12.3431,35.5889,25,-1.039559,13
CTD_CP_H,20240510T123505,490.03,12.3264,35.5891,23,-1.039552,11
CTD_CP_H,20240510T123506,491.99,12.3210,35.5890,23,-1.039531,12
CTD_CP_H,20240510T123506,493.98,12.3137,35.5892,23,-1.039515,11
CTD_CP_H,20240510T123506,495.99,12.3019,35.5897,23,-1.039479,12
CTD_CP_H,20240510T123506,498.00,12.2883,35.5897,23,-1.039488,11
CTD_CP_H,20240510T123506,500.02,12.2781,35.5898,23,-1.039470,12
CTD_CP_H,20240510T123506,501.99,12.2726,35.5905,22,-1.039464,11
CTD_CP_H,20240510T123506,504.00,12.2607,35.5893,24,-1.039463,12
CTD_CP_H,20240510T123506,506.02,12.2482,35.5883,22,-1.039446,11
CTD_CP_H,20240510T123506,508.00,12.2411,35.5878,23,-1.039462,11
CTD_CP_H,20240510T123506,510.02,12.2512,35.5922,23,-1.039434,12
CTD_CP_H,20240510T123506,512.04,12.2387,35.5926,23,-1.039437,11
CTD_CP_H,20240510T123506,514.02,12.2135,35.5893,23,-1.039460,12
CTD_CP_H,20240510T123506,515.99,12.1797,35.5855,23,-1.039477,11
CTD_CP_H,20240510T123507,517.97,12.1495,35.5835,23,-1.039445,12
CTD_CP_H,20240510T123507,519.97,12.1388,35.5828,23,-1.039444,11
CTD_CP_H,20240510T123507,521.96,12.1255,35.5840,23,-1.039434,12
CTD_CP_H,20240510T123507,523.98,12.1200,35.5841,24,-1.039450,12
CTD_CP_H,20240510T123507,526.01,12.1103,35.5833,24,-1.039452,12
CTD_CP_H,20240510T123507,528.01,12.0931,35.5825,24,-1.039450,12
CTD_CP_H,20240510T123507,530.01,12.0703,35.5826,24,-1.039441,12
CTD_CP_H,20240510T123507,532.00,12.0620,35.5833,24,-1.039406,12
CTD_CP_H,20240510T123507,533.98,12.0510,35.5828,24,-1.039376,12
CTD_CP_H,20240510T123507,535.98,12.0366,35.5828,25,-1.039383,12
CTD_CP_H,20240510T123507,538.01,12.0268,35.5824,25,-1.039372,13
CTD_CP_H,20240510T123507,539.98,12.0052,35.5814,24,-1.039390,12
CTD_CP_H,20240510T123507,541.96,11.9895,35.5808,25,-1.039394,12
CTD_CP_H,20240510T123507,543.99,11.9728,35.5793,25,-1.039411,13
CTD_CP_H,20240510T123508,545.98,11.9531,35.5789,24,-1.039401,12
CTD_CP_H,20240510T123508,547.98,11.9324,35.5781,25,-1.039387,12
CTD_CP_H,20240510T123508,549.98,11.9260,35.5786,25,-1.039381,13
CTD_CP_H,20240510T123508,551.98,11.9289,35.5826,25,-1.039369,12
CTD_CP_H,20240510T123508,554.01,11.9129,35.5851,25,-1.039336,13
CTD_CP_H,20240510T123508,556.02,11.9044,35.5883,24,-1.039344,12
CTD_CP_H,20240510T123508,558.00,11.8975,35.5876,24,-1.039360,12
CTD_CP_H,20240510T123508,559.99,11.8938,35.5864,25,-1.039371,12
CTD_CP_H,20240510T123508,561.98,11.8815,35.5853,24,-1.039369,12
CTD_CP_H,20240510T123508,564.00,11.8638,35.5858,25,-1.039332,13
CTD_CP_H,20240510T123508,566.03,11.8394,35.5841,24,-1.039342,12
CTD_CP_H,20240510T123508,568.02,11.8101,35.5820,24,-1.039376,12
CTD_CP_H,20240510T123508,570.03,11.7816,35.5800,24,-1.039362,12
CTD_CP_H,20240510T123509,571.99,11.7713,35.5791,23,-1.039386,11
CTD_CP_H,20240510T123509,573.97,11.7541,35.5775,24,-1.039418,12
CTD_CP_H,20240510T123509,576.01,11.7340,35.5753,24,-1.039410,12
CTD_CP_H,20240510T123509,578.03,11.7298,35.5752,23,-1.039454,12
CTD_CP_H,20240510T123509,580.00,11.7166,35.5754,23,-1.039405,11
CTD_CP_H,20240510T123509,582.00,11.7202,35.5768,23,-1.039416,12
CTD_CP_H,20240510T123509,584.00,11.7185,35.5790,22,-1.039383,11
CTD_CP_H,20240510T123509,585.99,11.7050,35.5806,23,-1.039356,11
CTD_CP_H,20240510T123509,588.02,11.6888,35.5820,22,-1.039365,11
CTD_CP_H,20240510T123509,590.03,11.6360,35.5763,22,-1.039393,11
CTD_CP_H,20240510T123509,592.01,11.6267,35.5737,21,-1.039391,11
CTD_CP_H,20240510T123509,594.00,11.6115,35.5720,22,-1.039415,11
CTD_CP_H,20240510T123509,596.00,11.5957,35.5700,21,-1.039418,10
CTD_CP_H,20240510T123509,597.98,11.5965,35.5722,21,-1.039385,11
CTD_CP_H,20240510T123510,599.96,11.6217,35.5804,21,-1.039347,10
CTD_CP_H,20240510T123510,601.98,11.6006,35.5783,21,-1.039378,11
CTD_CP_H,20240510T123510,604.02,11.6343,35.5907,21,-1.039317,10
CTD_CP_H,20240510T123510,606.02,11.6654,35.6054,20,-1.039287,10
CTD_CP_H,20240510T123510,607.98,11.6372,35.6015,20,-1.039297,10
CTD_CP_H,20240510T123510,609.99,11.6104,35.5972,21,-1.039312,11
CTD_CP_H,20240510T123510,612.01,11.6078,35.5974,21,-1.039304,10
CTD_CP_H,20240510T123510,614.03,11.6109,35.6016,25,-1.039279,13
CTD_CP_H,20240510T123510,616.02,11.6156,35.6046,25,-1.039302,12
CTD_CP_H,20240510T123510,618.00,11.6063,35.6019,26,-1.039326,13
CTD_CP_H,20240510T123510,620.01,11.5919,35.5986,28,-1.039340,14
CTD_CP_H,20240510T123510,622.03,11.4589,35.5759,36,-1.039447,18
CTD_CP_H,20240510T123510,624.01,11.4363,35.5712,38,-1.039468,19
CTD_CP_H,20240510T123511,626.01,11.4313,35.5695,38,-1.039489,19
CTD_CP_H,20240510T123511,628.01,11.4036,35.5649,37,-1.039495,19
CTD_CP_H,20240510T123511,630.01,11.3907,35.5630,37,-1.039518,18
CTD_CP_H,20240510T123511,632.02,11.3716,35.5591,37,-1.039543,19
CTD_CP_H,20240510T123511,634.02,11.3332,35.5516,36,-1.039575,18
CTD_CP_H,20240510T123511,636.01,11.3318,35.5513,37,-1.039590,18
CTD_CP_H,20240510T123511,638.00,11.3341,35.5533,35,-1.039571,18
CTD_CP_H,20240510T123511,639.98,11.3419,35.5596,37,-1.039555,18
CTD_CP_H,20240510T123511,641.98,11.3369,35.5603,35,-1.039562,18
CTD_CP_H,20240510T123511,643.99,11.3607,35.5743,35,-1.039490,17
CTD_CP_H,20240510T123511,645.99,11.3781,35.5842,33,-1.039446,17
CTD_CP_H,20240510T123511,648.01,11.3913,35.5918,34,-1.039402,17
CTD_CP_H,20240510T123511,650.01,11.3842,35.5901,32,-1.039392,16
CTD_CP_H,20240510T123511,651.98,11.3543,35.5839,32,-1.039432,16
CTD_CP_H,20240510T123512,654.01,11.2725,35.5695,32,-1.039521,16
CTD_CP_H,20240510T123512,656.04,11.2699,35.5685,31,-1.039526,15
CTD_CP_H,20240510T123512,658.01,11.2494,35.5643,30,-1.039562,15
CTD_CP_H,20240510T123512,659.99,11.2057,35.5566,30,-1.039600,15
CTD_CP_H,20240510T123512,662.00,11.1705,35.5514,29,-1.039635,15
CTD_CP_H,20240510T123512,663.98,11.1644,35.5506,28,-1.039634,14
CTD_CP_H,20240510T123512,665.99,11.1619,35.5508,28,-1.039650,14
CTD_CP_H,20240510T123512,668.00,11.1444,35.5476,27,-1.039653,13
CTD_CP_H,20240510T123512,670.01,11.1261,35.5449,27,-1.039666,14
CTD_CP_H,20240510T123512,672.00,11.1324,35.5478,26,-1.039636,13
CTD_CP_H,20240510T123512,673.97,11.1538,35.5560,26,-1.039599,13
CTD_CP_H,20240510T123512,675.97,11.1688,35.5604,26,-1.039609,13
CTD_CP_H,20240510T123512,677.99,11.1222,35.5523,26,-1.039680,13
CTD_CP_H,20240510T123513,680.02,11.1086,35.5509,25,-1.039670,12
CTD_CP_H,20240510T123513,682.01,11.1363,35.5639,24,-1.039599,12
CTD_CP_H,20240510T123513,683.98,11.1438,35.5675,24,-1.039588,12
CTD_CP_H,20240510T123513,685.97,11.1259,35.5645,24,-1.039623,12
CTD_CP_H,20240510T123513,687.98,11.0871,35.5589,24,-1.039641,12
CTD_CP_H,20240510T123513,690.00,11.0983,35.5624,24,-1.039623,12
CTD_CP_H,20240510T123513,692.00,11.1213,35.5719,23,-1.039571,12
CTD_CP_H,20240510T123513,693.99,11.1263,35.5751,24,-1.039589,12
CTD_CP_H,20240510T123513,695.99,11.1257,35.5747,23,-1.039612,11
CTD_CP_H,20240510T123513,698.00,11.1173,35.5735,24,-1.039612,12
CTD_CP_H,20240510T123513,700.02,11.1083,35.5726,23,-1.039630,12
CTD_CP_H,20240510T123513,702.01,11.0986,35.5719,23,-1.039636,11
CTD_CP_H,20240510T123513,703.97,11.0937,35.5717,23,-1.039669,12
CTD_CP_H,20240510T123513,705.99,11.0912,35.5729,24,-1.039676,12
CTD_CP_H,20240510T123514,707.99,11.0805,35.5719,23,-1.039663,11
CTD_CP_H,20240510T123514,709.97,11.0687,35.5722,24,-1.039670,12
CTD_CP_H,20240510T123514,712.00,11.0744,35.5755,24,-1.039663,12
CTD_CP_H,20240510T123514,714.02,11.0713,35.5776,24,-1.039640,12
CTD_CP_H,20240510T123514,715.99,11.0639,35.5775,23,-1.039656,12
CTD_CP_H,20240510T123514,717.98,11.0568,35.5780,24,-1.039655,12
CTD_CP_H,20240510T123514,719.98,11.0535,35.5780,24,-1.039681,12
CTD_CP_H,20240510T123514,721.98,11.0434,35.5779,24,-1.039683,12
CTD_CP_H,20240510T123514,723.97,11.0309,35.5771,24,-1.039675,12
CTD_CP_H,20240510T123514,725.99,11.0192,35.5758,25,-1.039688,12
CTD_CP_H,20240510T123514,728.03,11.0029,35.5743,24,-1.039689,12
CTD_CP_H,20240510T123514,730.02,10.9714,35.5717,24,-1.039740,12
CTD_CP_H,20240510T123514,732.02,10.9589,35.5694,25,-1.039747,13
CTD_CP_H,20240510T123515,734.00,10.9406,35.5669,24,-1.039738,12
CTD_CP_H,20240510T123515,735.98,10.9318,35.5658,25,-1.039747,12
CTD_CP_H,20240510T123515,738.01,10.9206,35.5665,25,-1.039773,13
CTD_CP_H,20240510T123515,740.02,10.8926,35.5636,25,-1.039773,12
CTD_CP_H,20240510T123515,742.01,10.8661,35.5609,24,-1.039765,12
CTD_CP_H,20240510T123515,744.01,10.8558,35.5603,25,-1.039809,13
CTD_CP_H,20240510T123515,746.00,10.8358,35.5587,24,-1.039797,12
CTD_CP_H,20240510T123515,748.01,10.8251,35.5570,26,-1.039839,13
CTD_CP_H,20240510T123515,750.01,10.8109,35.5558,24,-1.039845,12
CTD_CP_H,20240510T123515,751.98,10.8044,35.5557,25,-1.039843,12
CTD_CP_H,20240510T123515,754.00,10.7926,35.5567,25,-1.039872,13
CTD_CP_H,20240510T123515,756.01,10.7854,35.5550,25,-1.039909,12
CTD_CP_H,20240510T123515,758.03,10.7544,35.5522,25,-1.039920,13
CTD_CP_H,20240510T123516,760.03,10.7357,35.5489,25,-1.039926,12
CTD_CP_H,20240510T123516,762.02,10.7305,35.5478,25,-1.039942,13
CTD_CP_H,20240510T123516,764.01,10.7168,35.5464,25,-1.039958,12
CTD_CP_H,20240510T123516,765.98,10.6768,35.5418,24,-1.039990,12
CTD_CP_H,20240510T123516,767.96,10.6630,35.5397,25,-1.040014,13
CTD_CP_H,20240510T123516,769.98,10.6470,35.5382,25,-1.040015,12
CTD_CP_H,20240510T123516,772.01,10.6048,35.5329,25,-1.040029,13
CTD_CP_H,20240510T123516,774.00,10.5961,35.5332,24,-1.040027,12
CTD_CP_H,20240510T123516,775.98,10.5750,35.5313,24,-1.040059,12
CTD_CP_H,20240510T123516,777.99,10.5522,35.5288,25,-1.040049,12
CTD_CP_H,20240510T123516,780.01,10.5298,35.5268,24,-1.040062,12
CTD_CP_H,20240510T123516,782.02,10.5252,35.5295,24,-1.040084,12
CTD_CP_H,20240510T123516,784.00,10.5203,35.5309,23,-1.040060,12
CTD_CP_H,20240510T123516,785.96,10.4960,35.5290,23,-1.040086,11
CTD_CP_H,20240510T123517,787.99,10.4761,35.5277,25,-1.040099,13
CTD_CP_H,20240510T123517,790.03,10.4600,35.5254,23,-1.040121,11
CTD_CP_H,20240510T123517,792.00,10.4208,35.5211,23,-1.040156,12
CTD_CP_H,20240510T123517,793.98,10.3984,35.5185,23,-1.040167,11
CTD_CP_H,20240510T123517,796.01,10.3784,35.5163,24,-1.040215,12
CTD_CP_H,20240510T123517,798.05,10.3617,35.5140,23,-1.040230,12
CTD_CP_H,20240510T123517,800.01,10.3550,35.5138,22,-1.040198,11
CTD_CP_H,20240510T123517,802.01,10.3451,35.5120,24,-1.040249,12
CTD_CP_H,20240510T123517,804.02,10.3245,35.5097,22,-1.040267,11
CTD_CP_H,20240510T123517,806.00,10.3017,35.5069,23,-1.040276,11
CTD_CP_H,20240510T123517,807.99,10.2889,35.5072,22,-1.040278,11
CTD_CP_H,20240510T123517,809.98,10.2806,35.5071,23,-1.040310,12
CTD_CP_H,20240510T123517,811.97,10.2700,35.5056,22,-1.040342,11
CTD_CP_H,20240510T123518,813.97,10.2404,35.5025,23,-1.040378,11
CTD_CP_H,20240510T123518,815.98,10.2017,35.4978,22,-1.040395,11
CTD_CP_H,20240510T123518,817.99,10.1721,35.4949,23,-1.040397,12
CTD_CP_H,20240510T123518,820.00,10.1488,35.4922,22,-1.040428,11
CTD_CP_H,20240510T123518,821.99,10.1293,35.4906,22,-1.040463,11
CTD_CP_H,20240510T123518,823.98,10.1169,35.4892,22,-1.040477,11
CTD_CP_H,20240510T123518,825.98,10.1029,35.4876,22,-1.040476,11
CTD_CP_H,20240510T123518,827.97,10.0866,35.4863,22,-1.040494,11
CTD_CP_H,20240510T123518,829.96,10.0778,35.4872,22,-1.040536,11
CTD_CP_H,20240510T123518,831.96,10.0570,35.4856,22,-1.040563,11
CTD_CP_H,20240510T123518,833.98,10.0523,35.4850,22,-1.040601,11
CTD_CP_H,20240510T123518,836.02,10.0380,35.4833,23,-1.040594,11
CTD_CP_H,20240510T123518,838.08,10.0262,35.4816,25,-1.040614,13
CTD_CP_H,20240510T123518,840.03,10.0056,35.4792,27,-1.040635,13
CTD_CP_H,20240510T123519,842.00,9.9866,35.4770,29,-1.040642,15
CTD_CP_H,20240510T123519,843.98,9.9754,35.4758,28,-1.040670,14
CTD_CP_H,20240510T123519,846.00,9.9506,35.4730,29,-1.040684,14
CTD_CP_H,20240510T123519,848.01,9.9274,35.4704,28,-1.040707,14
CTD_CP_H,20240510T123519,850.00,9.9138,35.4696,28,-1.040710,14
CTD_CP_H,20240510T123519,852.01,9.9002,35.4692,28,-1.040737,14
CTD_CP_H,20240510T123519,854.01,9.8909,35.4682,27,-1.040744,14
CTD_CP_H,20240510T123519,855.98,9.8839,35.4673,27,-1.040743,13
CTD_CP_H,20240510T123519,857.97,9.8587,35.4645,27,-1.040777,14
CTD_CP_H,20240510T123519,859.97,9.8532,35.4634,27,-1.040804,13
CTD_CP_H,20240510T123519,861.97,9.8498,35.4622,27,-1.040806,14
CTD_CP_H,20240510T123519,863.98,9.8354,35.4609,26,-1.040825,13
CTD_CP_H,20240510T123519,866.00,9.8080,35.4567,27,-1.040832,13
CTD_CP_H,20240510T123520,868.00,9.8010,35.4555,26,-1.040851,13
CTD_CP_H,20240510T123520,869.98,9.7815,35.4532,26,-1.040867,13
CTD_CP_H,20240510T123520,871.98,9.7447,35.4489,26,-1.040906,13
CTD_CP_H,20240510T123520,874.01,9.7213,35.4469,27,-1.040927,14
CTD_CP_H,20240510T123520,876.02,9.7170,35.4467,26,-1.040934,13
CTD_CP_H,20240510T123520,878.00,9.7061,35.4461,26,-1.040949,13
CTD_CP_H,20240510T123520,879.98,9.7011,35.4455,26,-1.040974,13
CTD_CP_H,20240510T123520,881.98,9.6845,35.4438,26,-1.040982,13
CTD_CP_H,20240510T123520,883.98,9.6775,35.4454,26,-1.040965,13
CTD_CP_H,20240510T123520,886.01,9.6859,35.4500,26,-1.040961,13
CTD_CP_H,20240510T123520,888.00,9.6865,35.4511,25,-1.040971,12
CTD_CP_H,20240510T123520,890.00,9.6638,35.4481,26,-1.041018,13
CTD_CP_H,20240510T123520,892.03,9.6406,35.4458,25,-1.041028,13
CTD_CP_H,20240510T123520,894.01,9.6070,35.4413,25,-1.041063,12
CTD_CP_H,20240510T123521,895.96,9.5755,35.4359,25,-1.041108,13
CTD_CP_H,20240510T123521,897.98,9.5610,35.4331,26,-1.041129,13
CTD_CP_H,20240510T123521,900.02,9.5048,35.4262,25,-1.041144,12
CTD_CP_H,20240510T123521,901.99,9.4780,35.4226,24,-1.041167,12
CTD_CP_H,20240510T123521,903.96,9.4750,35.4232,25,-1.041215,13
CTD_CP_H,20240510T123521,905.97,9.4807,35.4265,25,-1.041216,12
CTD_CP_H,20240510T123521,907.99,9.4639,35.4248,25,-1.041225,13
CTD_CP_H,20240510T123521,910.01,9.4520,35.4237,25,-1.041244,12
CTD_CP_H,20240510T123521,912.02,9.4473,35.4233,25,-1.041260,13
CTD_CP_H,20240510T123521,914.00,9.4430,35.4242,24,-1.041258,12
CTD_CP_H,20240510T123521,915.97,9.4341,35.4244,24,-1.041250,12
CTD_CP_H,20240510T123521,917.98,9.4157,35.4225,25,-1.041249,12
CTD_CP_H,20240510T123521,919.98,9.3921,35.4194,24,-1.041268,12
CTD_CP_H,20240510T123522,921.99,9.3701,35.4163,25,-1.041270,13
CTD_CP_H,20240510T123522,924.01,9.3608,35.4156,24,-1.041305,12
CTD_CP_H,20240510T123522,925.98,9.3468,35.4144,24,-1.041317,12
CTD_CP_H,20240510T123522,928.00,9.3417,35.4151,25,-1.041342,12
CTD_CP_H,20240510T123522,930.01,9.3214,35.4136,24,-1.041360,12
CTD_CP_H,20240510T123522,931.99,9.2958,35.4114,24,-1.041375,12
CTD_CP_H,20240510T123522,933.98,9.2872,35.4103,24,-1.041415,12
CTD_CP_H,20240510T123522,936.00,9.2620,35.4085,25,-1.041428,13
CTD_CP_H,20240510T123522,938.04,9.2548,35.4081,24,-1.041414,12
CTD_CP_H,20240510T123522,940.04,9.2474,35.4082,24,-1.041451,12
CTD_CP_H,20240510T123522,941.99,9.2363,35.4068,23,-1.041455,11
CTD_CP_H,20240510T123522,943.99,9.2163,35.4057,25,-1.041472,13
CTD_CP_H,20240510T123522,946.03,9.1999,35.4040,24,-1.041465,12
CTD_CP_H,20240510T123522,948.02,9.1804,35.4026,24,-1.041492,12
CTD_CP_H,20240510T123523,950.03,9.1601,35.4004,24,-1.041494,12
CTD_CP_H,20240510T123523,952.01,9.1460,35.3993,23,-1.041523,11
CTD_CP_H,20240510T123523,953.99,9.1275,35.3973,24,-1.041546,12
CTD_CP_H,20240510T123523,955.97,9.1050,35.3954,23,-1.041554,12
CTD_CP_H,20240510T123523,957.95,9.0843,35.3931,24,-1.041582,12
CTD_CP_H,20240510T123523,959.99,9.0601,35.3907,24,-1.041587,12
CTD_CP_H,20240510T123523,962.02,9.0541,35.3899,24,-1.041593,12
CTD_CP_H,20240510T123523,964.01,9.0293,35.3880,23,-1.041637,11
CTD_CP_H,20240510T123523,965.97,9.0155,35.3869,23,-1.041648,12
CTD_CP_H,20240510T123523,967.97,9.0046,35.3864,24,-1.041623,12
CTD_CP_H,20240510T123523,969.99,8.9883,35.3843,23,-1.041612,11
CTD_CP_H,20240510T123523,971.97,8.9626,35.3821,23,-1.041649,12
CTD_CP_H,20240510T123523,973.99,8.9429,35.3801,24,-1.041642,12
CTD_CP_H,20240510T123524,976.02,8.9249,35.3785,23,-1.041673,11
CTD_CP_H,20240510T123524,978.03,8.9111,35.3773,23,-1.041660,12
CTD_CP_H,20240510T123524,980.00,8.9009,35.3763,22,-1.041653,11
CTD_CP_H,20240510T123524,981.97,8.8891,35.3748,23,-1.041653,11
CTD_CP_H,20240510T123524,984.00,8.8789,35.3743,23,-1.041632,12
CTD_CP_H,20240510T123524,986.02,8.8740,35.3733,23,-1.041662,11
CTD_CP_H,20240510T123524,988.04,8.8685,35.3723,23,-1.041688,12
CTD_CP_H,20240510T123524,990.04,8.8510,35.3711,23,-1.041682,11
CTD_CP_H,20240510T123524,992.04,8.8398,35.3697,27,-1.041696,14
CTD_CP_H,20240510T123524,994.01,8.8290,35.3681,30,-1.041713,15
CTD_CP_H,20240510T123524,995.99,8.8134,35.3666,30,-1.041763,15
CTD_CP_H,20240510T123524,997.99,8.7964,35.3649,30,-1.041783,15
CTD_CP_H,20240510T123524,1000.00,8.7744,35.3617,30,-1.041814,15
CTD_CP_H,20240510T123524,1002.02,8.7442,35.3592,30,-1.041850,15
CTD_CP_H,20240510T123525,1004.02,8.7188,35.3568,29,-1.041843,14
CTD_CP_H,20240510T123525,1005.98,8.7052,35.3546,29,-1.041847,15
CTD_CP_H,20240510T123525,1007.97,8.6896,35.3534,29,-1.041870,14
CTD_CP_H,20240510T123525,1010.01,8.6747,35.3520,30,-1.041889,15
CTD_CP_H,20240510T123525,1012.00,8.6603,35.3504,28,-1.041904,14
CTD_CP_H,20240510T123525,1014.00,8.6502,35.3494,29,-1.041899,15
CTD_CP_H,20240510T123525,1016.01,8.6378,35.3483,27,-1.041927,13
CTD_CP_H,20240510T123525,1017.99,8.6291,35.3473,28,-1.041958,14
CTD_CP_H,20240510T123525,1020.00,8.6158,35.3454,28,-1.041970,14
CTD_CP_H,20240510T123525,1022.01,8.5943,35.3435,28,-1.042000,14
CTD_CP_H,20240510T123525,1024.00,8.5652,35.3411,27,-1.042022,14
CTD_CP_H,20240510T123525,1026.00,8.5550,35.3397,28,-1.042031,14
CTD_CP_H,20240510T123525,1028.01,8.5508,35.3382,27,-1.042057,13
CTD_CP_H,20240510T123526,1029.99,8.5376,35.3369,27,-1.042063,14
CTD_CP_H,20240510T123526,1032.00,8.5202,35.3351,27,-1.042068,13
CTD_CP_H,20240510T123526,1034.01,8.5091,35.3344,27,-1.042093,14
CTD_CP_H,20240510T123526,1036.02,8.4949,35.3333,26,-1.042094,13
CTD_CP_H,20240510T123526,1038.00,8.4856,35.3317,26,-1.042092,13
CTD_CP_H,20240510T123526,1039.99,8.4698,35.3299,26,-1.042095,13
CTD_CP_H,20240510T123526,1042.00,8.4607,35.3293,26,-1.042077,13
CTD_CP_H,20240510T123526,1044.01,8.4450,35.3270,26,-1.042099,13
CTD_CP_H,20240510T123526,1046.00,8.4422,35.3263,25,-1.042121,12
CTD_CP_H,20240510T123526,1048.00,8.4270,35.3253,25,-1.042136,13
CTD_CP_H,20240510T123526,1050.01,8.4024,35.3237,25,-1.042149,12
CTD_CP_H,20240510T123526,1051.99,8.3903,35.3224,24,-1.042162,12
CTD_CP_H,20240510T123526,1053.98,8.3857,35.3217,25,-1.042169,13
CTD_CP_H,20240510T123526,1055.97,8.3791,35.3210,24,-1.042186,12
CTD_CP_H,20240510T123527,1057.99,8.3721,35.3205,25,-1.042181,12
CTD_CP_H,20240510T123527,1060.01,8.3570,35.3191,24,-1.042178,12
CTD_CP_H,20240510T123527,1062.00,8.3450,35.3187,24,-1.042197,12
CTD_CP_H,20240510T123527,1063.99,8.3461,35.3189,24,-1.042242,12
CTD_CP_H,20240510T123527,1066.00,8.3449,35.3186,24,-1.042247,12
CTD_CP_H,20240510T123527,1067.97,8.3392,35.3176,23,-1.042242,12
CTD_CP_H,20240510T123527,1069.95,8.3235,35.3161,24,-1.042243,12
CTD_CP_H,20240510T123527,1071.97,8.2873,35.3111,24,-1.042269,12
CTD_CP_H,20240510T123527,1074.02,8.2383,35.3057,24,-1.042245,12
CTD_CP_H,20240510T123527,1076.01,8.2078,35.3026,22,-1.042264,11
CTD_CP_H,20240510T123527,1077.99,8.2010,35.3006,24,-1.042278,12
CTD_CP_H,20240510T123527,1079.99,8.1782,35.2992,22,-1.042302,11
CTD_CP_H,20240510T123527,1081.97,8.1606,35.2974,23,-1.042316,11
CTD_CP_H,20240510T123528,1084.01,8.1468,35.2954,23,-1.042314,12
CTD_CP_H,20240510T123528,1085.99,8.1322,35.2939,22,-1.042325,11
CTD_CP_H,20240510T123528,1088.00,8.1075,35.2925,23,-1.042337,11
CTD_CP_H,20240510T123528,1090.04,8.0886,35.2894,23,-1.042332,12
CTD_CP_H,20240510T123528,1092.02,8.0847,35.2892,21,-1.042346,10
CTD_CP_H,20240510T123528,1093.99,8.0754,35.2885,23,-1.042350,12
CTD_CP_H,20240510T123528,1096.01,8.0637,35.2873,22,-1.042372,11
CTD_CP_H,20240510T123528,1098.01,8.0556,35.2860,22,-1.042360,11
CTD_CP_H,20240510T123528,1100.02,8.0467,35.2850,22,-1.042363,11
CTD_CP_H,20240510T123528,1102.04,8.0379,35.2843,22,-1.042355,11
CTD_CP_H,20240510T123528,1104.03,8.0292,35.2833,21,-1.042382,10
CTD_CP_H,20240510T123528,1106.00,8.0270,35.2827,22,-1.042385,11
CTD_CP_H,20240510T123528,1108.02,8.0221,35.2826,22,-1.042424,11
CTD_CP_H,20240510T123528,1110.03,8.0092,35.2819,22,-1.042419,11
CTD_CP_H,20240510T123529,1112.03,8.0043,35.2806,22,-1.042410,11
CTD_CP_H,20240510T123529,1114.01,7.9943,35.2800,21,-1.042434,11
CTD_CP_H,20240510T123529,1116.00,7.9757,35.2783,22,-1.042432,11
CTD_CP_H,20240510T123529,1118.04,7.9541,35.2756,22,-1.042454,11
CTD_CP_H,20240510T123529,1120.03,7.9412,35.2742,21,-1.042460,10
CTD_CP_H,20240510T123529,1122.01,7.9296,35.2728,22,-1.042472,11
CTD_CP_H,20240510T123529,1124.02,7.9171,35.2710,22,-1.042464,11
CTD_CP_H,20240510T123529,1125.99,7.9039,35.2695,21,-1.042477,11
CTD_CP_H,20240510T123529,1127.97,7.8879,35.2676,22,-1.042490,11
CTD_CP_H,20240510T123529,1130.02,7.8629,35.2651,22,-1.042503,11
CTD_CP_H,20240510T123529,1132.02,7.8463,35.2630,21,-1.042483,10
CTD_CP_H,20240510T123529,1134.00,7.8275,35.2612,22,-1.042462,11
CTD_CP_H,20240510T123529,1136.00,7.8196,35.2599,21,-1.042489,11
CTD_CP_H,20240510T123530,1138.01,7.8107,35.2599,22,-1.042494,11
CTD_CP_H,20240510T123530,1140.01,7.8014,35.2592,21,-1.042496,10
CTD_CP_H,20240510T123530,1141.98,7.7927,35.2583,21,-1.042518,11
CTD_CP_H,20240510T123530,1143.98,7.7800,35.2567,22,-1.042509,11
CTD_CP_H,20240510T123530,1146.00,7.7635,35.2546,22,-1.042506,11
CTD_CP_H,20240510T123530,1148.00,7.7451,35.2530,22,-1.042536,11
CTD_CP_H,20240510T123530,1150.02,7.7220,35.2511,26,-1.042532,13
CTD_CP_H,20240510T123530,1151.99,7.7042,35.2492,28,-1.042528,14
CTD_CP_H,20240510T123530,1153.98,7.6833,35.2472,29,-1.042544,14
CTD_CP_H,20240510T123530,1155.99,7.6637,35.2448,29,-1.042545,15
CTD_CP_H,20240510T123530,1157.99,7.6509,35.2431,28,-1.042545,14
CTD_CP_H,20240510T123530,1159.98,7.6359,35.2420,29,-1.042534,14
CTD_CP_H,20240510T123530,1162.00,7.6190,35.2405,29,-1.042536,15
CTD_CP_H,20240510T123530,1164.00,7.6100,35.2403,28,-1.042550,14
CTD_CP_H,20240510T123531,1165.99,7.6011,35.2395,29,-1.042554,14
CTD_CP_H,20240510T123531,1168.01,7.5869,35.2385,28,-1.042549,14
CTD_CP_H,20240510T123531,1169.99,7.5790,35.2377,28,-1.042584,14
CTD_CP_H,20240510T123531,1172.00,7.5706,35.2366,29,-1.042590,15
CTD_CP_H,20240510T123531,1174.03,7.5662,35.2376,28,-1.042611,14
CTD_CP_H,20240510T123531,1175.99,7.5470,35.2354,27,-1.042616,13
CTD_CP_H,20240510T123531,1177.97,7.5371,35.2361,28,-1.042636,14
CTD_CP_H,20240510T123531,1179.99,7.5366,35.2369,28,-1.042665,14
CTD_CP_H,20240510T123531,1182.01,7.5323,35.2371,28,-1.042711,14
CTD_CP_H,20240510T123531,1184.00,7.5299,35.2368,27,-1.042720,14
CTD_CP_H,20240510T123531,1185.99,7.5271,35.2365,28,-1.042722,14
CTD_CP_H,20240510T123531,1187.98,7.5233,35.2354,27,-1.042728,13
CTD_CP_H,20240510T123531,1189.99,7.4984,35.2330,28,-1.042737,14
CTD_CP_H,20240510T123532,1192.00,7.4749,35.2301,27,-1.042719,14
CTD_CP_H,20240510T123532,1194.01,7.4598,35.2286,27,-1.042727,13
CTD_CP_H,20240510T123532,1195.98,7.4462,35.2272,27,-1.042730,14
CTD_CP_H,20240510T123532,1197.98,7.4263,35.2258,27,-1.042737,13
CTD_CP_H,20240510T123532,1199.99,7.4099,35.2236,27,-1.042730,14
CTD_CP_H,20240510T123532,1201.99,7.3914,35.2205,27,-1.042679,13
CTD_CP_H,20240510T123532,1204.00,7.3708,35.2179,27,-1.042670,14
CTD_CP_H,20240510T123532,1205.99,7.3348,35.2143,26,-1.042666,13
CTD_CP_H,20240510T123532,1208.00,7.3266,35.2135,27,-1.042666,13
CTD_CP_H,20240510T123532,1210.00,7.3084,35.2119,25,-1.042670,13
CTD_CP_H,20240510T123532,1211.97,7.2986,35.2101,26,-1.042691,13
CTD_CP_H,20240510T123532,1213.97,7.2815,35.2077,26,-1.042659,13
CTD_CP_H,20240510T123532,1215.97,7.2464,35.2030,26,-1.042637,13
CTD_CP_H,20240510T123532,1217.98,7.2203,35.2000,26,-1.042633,13
CTD_CP_H,20240510T123533,1219.98,7.2148,35.2000,25,-1.042664,12
CTD_CP_H,20240510T123533,1221.99,7.2011,35.1985,26,-1.042664,13
CTD_CP_H,20240510T123533,1224.01,7.1934,35.1974,25,-1.042667,13
CTD_CP_H,20240510T123533,1226.01,7.1752,35.1953,25,-1.042674,12
CTD_CP_H,20240510T123533,1228.01,7.1626,35.1943,25,-1.042689,13
CTD_CP_H,20240510T123533,1230.02,7.1577,35.1936,25,-1.042705,12
CTD_CP_H,20240510T123533,1231.98,7.1555,35.1935,24,-1.042736,12
CTD_CP_H,20240510T123533,1233.96,7.1534,35.1931,25,-1.042754,13
CTD_CP_H,20240510T123533,1235.98,7.1414,35.1926,24,-1.042777,12
CTD_CP_H,20240510T123533,1237.96,7.1271,35.1931,24,-1.042798,12
CTD_CP_H,20240510T123533,1239.95,7.1049,35.1903,24,-1.042785,12
CTD_CP_H,20240510T123533,1241.95,7.0923,35.1887,24,-1.042795,12
CTD_CP_H,20240510T123533,1243.99,7.0759,35.1872,24,-1.042796,12
CTD_CP_H,20240510T123534,1246.01,7.0669,35.1859,24,-1.042807,12
CTD_CP_H,20240510T123534,1248.02,7.0612,35.1849,23,-1.042831,11
CTD_CP_H,20240510T123534,1250.01,7.0435,35.1834,24,-1.042817,12
CTD_CP_H,20240510T123534,1252.01,7.0272,35.1814,23,-1.042811,12
CTD_CP_H,20240510T123534,1253.97,7.0171,35.1804,23,-1.042836,11
CTD_CP_H,20240510T123534,1255.97,7.0044,35.1786,24,-1.042818,12
CTD_CP_H,20240510T123534,1257.99,6.9882,35.1769,23,-1.042799,12
CTD_CP_H,20240510T123534,1259.97,6.9753,35.1757,23,-1.042793,11
CTD_CP_H,20240510T123534,1261.99,6.9619,35.1733,24,-1.042819,12
CTD_CP_H,20240510T123534,1264.02,6.9556,35.1729,23,-1.042830,12
CTD_CP_H,20240510T123534,1266.02,6.9477,35.1729,23,-1.042849,11
CTD_CP_H,20240510T123534,1268.00,6.9341,35.1717,23,-1.042868,12
CTD_CP_H,20240510T123534,1269.99,6.9220,35.1706,23,-1.042847,11
CTD_CP_H,20240510T123535,1271.99,6.9092,35.1692,23,-1.042849,12
CTD_CP_H,20240510T123535,1274.01,6.8930,35.1673,23,-1.042850,11
CTD_CP_H,20240510T123535,1275.98,6.8800,35.1658,22,-1.042872,11
CTD_CP_H,20240510T123535,1277.98,6.8723,35.1648,23,-1.042900,12
CTD_CP_H,20240510T123535,1280.00,6.8565,35.1635,23,-1.042870,11
CTD_CP_H,20240510T123535,1282.00,6.8405,35.1616,22,-1.042880,11
CTD_CP_H,20240510T123535,1284.00,6.8340,35.1614,23,-1.042884,12
CTD_CP_H,20240510T123535,1286.01,6.8192,35.1597,22,-1.042905,11
CTD_CP_H,20240510T123535,1287.97,6.8082,35.1586,22,-1.042898,11
CTD_CP_H,20240510T123535,1289.97,6.7973,35.1570,23,-1.042897,11
CTD_CP_H,20240510T123535,1291.99,6.7730,35.1549,22,-1.042884,11
CTD_CP_H,20240510T123535,1294.00,6.7505,35.1530,23,-1.042919,12
CTD_CP_H,20240510T123535,1296.01,6.7520,35.1531,22,-1.042975,11
CTD_CP_H,20240510T123535,1298.00,6.7616,35.1572,22,-1.043052,11
CTD_CP_H,20240510T123536,1300.00,6.7457,35.1552,22,-1.043045,11
CTD_CP_H,20240510T123536,1301.99,6.7261,35.1532,22,-1.043022,11
CTD_CP_H,20240510T123536,1303.99,6.7112,35.1519,22,-1.043028,11
CTD_CP_H,20240510T123536,1305.98,6.7067,35.1518,22,-1.043084,11
CTD_CP_H,20240510T123536,1307.99,6.6962,35.1513,22,-1.043094,11
CTD_CP_H,20240510T123536,1309.99,6.6724,35.1492,22,-1.043110,11
CTD_CP_H,20240510T123536,1312.00,6.6656,35.1481,22,-1.043109,11
CTD_CP_H,20240510T123536,1314.01,6.6575,35.1475,22,-1.043131,11
CTD_CP_H,20240510T123536,1316.02,6.6500,35.1465,22,-1.043142,11
CTD_CP_H,20240510T123536,1318.00,6.6348,35.1455,21,-1.043133,10
CTD_CP_H,20240510T123536,1319.98,6.6182,35.1440,22,-1.043147,11
CTD_CP_H,20240510T123536,1321.97,6.5984,35.1425,21,-1.043159,11
CTD_CP_H,20240510T123536,1323.97,6.5967,35.1432,22,-1.043221,11
CTD_CP_H,20240510T123537,1326.00,6.5869,35.1426,22,-1.043212,11
CTD_CP_H,20240510T123537,1327.99,6.5744,35.1413,21,-1.043216,10
CTD_CP_H,20240510T123537,1329.97,6.5644,35.1406,22,-1.043238,11
CTD_CP_H,20240510T123537,1332.01,6.5510,35.1395,22,-1.043200,11
CTD_CP_H,20240510T123537,1334.00,6.5375,35.1384,21,-1.043198,11
CTD_CP_H,20240510T123537,1336.00,6.5282,35.1379,22,-1.043206,11
CTD_CP_H,20240510T123537,1338.03,6.5206,35.1370,22,-1.043231,11
CTD_CP_H,20240510T123537,1340.02,6.5184,35.1379,21,-1.043272,10
CTD_CP_H,20240510T123537,1342.02,6.5151,35.1387,22,-1.043318,11
CTD_CP_H,20240510T123537,1344.04,6.5103,35.1393,21,-1.043333,11
CTD_CP_H,20240510T123537,1345.99,6.5079,35.1386,21,-1.043374,10
CTD_CP_H,20240510T123537,1347.96,6.4985,35.1378,21,-1.043359,11
CTD_CP_H,20240510T123537,1349.96,6.4893,35.1374,21,-1.043374,10
CTD_CP_H,20240510T123537,1351.99,6.4814,35.1367,22,-1.043401,11
CTD_CP_H,20240510T123538,1354.04,6.4688,35.1356,21,-1.043424,11
CTD_CP_H,20240510T123538,1356.02,6.4574,35.1342,21,-1.043444,10
CTD_CP_H,20240510T123538,1358.00,6.4499,35.1339,21,-1.043452,11
CTD_CP_H,20240510T123538,1359.97,6.4442,35.1329,22,-1.043473,11
CTD_CP_H,20240510T123538,1362.02,6.4248,35.1313,26,-1.043478,13
CTD_CP_H,20240510T123538,1364.02,6.4132,35.1302,27,-1.043506,13
CTD_CP_H,20240510T123538,1366.01,6.4009,35.1288,27,-1.043524,14
CTD_CP_H,20240510T123538,1368.00,6.3942,35.1294,26,-1.043546,13
CTD_CP_H,20240510T123538,1369.99,6.3844,35.1279,27,-1.043568,13
CTD_CP_H,20240510T123538,1372.02,6.3764,35.1276,27,-1.043586,14
CTD_CP_H,20240510T123538,1374.00,6.3698,35.1264,26,-1.043595,13
CTD_CP_H,20240510T123538,1375.99,6.3534,35.1243,27,-1.043590,13
CTD_CP_H,20240510T123538,1378.00,6.3349,35.1219,26,-1.043556,13
CTD_CP_H,20240510T123539,1379.99,6.3229,35.1207,27,-1.043564,14
CTD_CP_H,20240510T123539,1382.03,6.3183,35.1196,27,-1.043575,13
CTD_CP_H,20240510T123539,1384.05,6.3105,35.1189,27,-1.043561,14
CTD_CP_H,20240510T123539,1386.03,6.2880,35.1167,26,-1.043554,13
CTD_CP_H,20240510T123539,1388.00,6.2786,35.1166,26,-1.043592,13
CTD_CP_H,20240510T123539,1390.00,6.2675,35.1163,27,-1.043581,13
CTD_CP_H,20240510T123539,1392.03,6.2630,35.1157,27,-1.043609,14
CTD_CP_H,20240510T123539,1394.02,6.2580,35.1153,25,-1.043617,12
CTD_CP_H,20240510T123539,1395.98,6.2385,35.1134,27,-1.043613,14
CTD_CP_H,20240510T123539,1398.02,6.2208,35.1108,27,-1.043599,13
CTD_CP_H,20240510T123539,1400.04,6.2068,35.1095,26,-1.043571,13
CTD_CP_H,20240510T123539,1402.00,6.1959,35.1085,25,-1.043575,13
CTD_CP_H,20240510T123539,1403.98,6.1846,35.1072,26,-1.043591,13
CTD_CP_H,20240510T123539,1406.00,6.1709,35.1064,26,-1.043581,13
CTD_CP_H,20240510T123540,1408.03,6.1583,35.1047,26,-1.043571,13
CTD_CP_H,20240510T123540,1410.01,6.1432,35.1031,25,-1.043550,12
CTD_CP_H,20240510T123540,1412.00,6.1228,35.1014,26,-1.043552,13
CTD_CP_H,20240510T123540,1414.00,6.1038,35.0992,25,-1.043548,13
CTD_CP_H,20240510T123540,1415.98,6.0907,35.0979,25,-1.043563,12
CTD_CP_H,20240510T123540,1418.00,6.0765,35.0958,26,-1.043598,13
CTD_CP_H,20240510T123540,1420.00,6.0654,35.0950,24,-1.043582,12
CTD_CP_H,20240510T123540,1421.97,6.0566,35.0950,25,-1.043611,13
CTD_CP_H,20240510T123540,1423.98,6.0451,35.0938,25,-1.043618,12
CTD_CP_H,20240510T123540,1425.98,6.0251,35.0918,25,-1.043604,13
CTD_CP_H,20240510T123540,1427.99,6.0051,35.0895,25,-1.043550,12
CTD_CP_H,20240510T123540,1430.01,5.9919,35.0884,25,-1.043556,13
CTD_CP_H,20240510T123540,1432.02,5.9844,35.0888,24,-1.043634,12
CTD_CP_H,20240510T123541,1434.02,5.9693,35.0877,25,-1.043649,12
CTD_CP_H,20240510T123541,1436.02,5.9551,35.0862,24,-1.043645,12
CTD_CP_H,20240510T123541,1438.00,5.9283,35.0836,26,-1.043605,13
CTD_CP_H,20240510T123541,1440.05,5.9092,35.0821,31,-1.043607,16
CTD_CP_H,20240510T123541,1442.00,5.8923,35.0805,33,-1.043593,16
CTD_CP_H,20240510T123541,1443.99,5.8842,35.0792,33,-1.043584,17
CTD_CP_H,20240510T123541,1445.98,5.8744,35.0793,33,-1.043616,16
CTD_CP_H,20240510T123541,1447.99,5.8558,35.0779,33,-1.043614,17
CTD_CP_H,20240510T123541,1449.99,5.8424,35.0766,32,-1.043610,16
CTD_CP_H,20240510T123541,1451.98,5.8286,35.0746,32,-1.043617,16
CTD_CP_H,20240510T123541,1453.99,5.8069,35.0729,32,-1.043603,16
CTD_CP_H,20240510T123541,1455.99,5.7855,35.0709,31,-1.043568,15
CTD_CP_H,20240510T123541,1457.99,5.7688,35.0696,31,-1.043571,16
CTD_CP_H,20240510T123541,1459.99,5.7675,35.0694,31,-1.043584,15
CTD_CP_H,20240510T123542,1461.98,5.7607,35.0682,30,-1.043548,15
CTD_CP_H,20240510T123542,1464.01,5.7406,35.0666,31,-1.043507,16
CTD_CP_H,20240510T123542,1466.02,5.7146,35.0643,29,-1.043507,14
CTD_CP_H,20240510T123542,1468.01,5.7025,35.0634,30,-1.043508,15
CTD_CP_H,20240510T123542,1470.00,5.6903,35.0618,29,-1.043473,15
CTD_CP_H,20240510T123542,1472.01,5.6785,35.0606,29,-1.043476,14
CTD_CP_H,20240510T123542,1474.00,5.6677,35.0595,28,-1.043446,14
CTD_CP_H,20240510T123542,1475.98,5.6534,35.0588,28,-1.043458,14
CTD_CP_H,20240510T123542,1477.99,5.6498,35.0582,29,-1.043473,15
CTD_CP_H,20240510T123542,1480.02,5.6436,35.0573,28,-1.043489,14
CTD_CP_H,20240510T123542,1482.03,5.6243,35.0549,28,-1.043471,14
CTD_CP_H,20240510T123542,1484.04,5.6081,35.0534,27,-1.043461,13
CTD_CP_H,20240510T123542,1486.01,5.5865,35.0520,26,-1.043429,13
CTD_CP_H,20240510T123543,1487.99,5.5687,35.0501,27,-1.043404,14
CTD_CP_H,20240510T123543,1489.99,5.5583,35.0493,26,-1.043424,13
CTD_CP_H,20240510T123543,1491.99,5.5486,35.0484,27,-1.043431,13
CTD_CP_H,20240510T123543,1494.00,5.5351,35.0470,26,-1.043458,13
CTD_CP_H,20240510T123543,1496.00,5.5219,35.0464,26,-1.043480,13
CTD_CP_H,20240510T123543,1498.00,5.5126,35.0451,26,-1.043448,13
CTD_CP_H,20240510T123543,1500.02,5.5061,35.0444,26,-1.043437,13
CTD_CP_H,20240510T123543,1502.00,5.4944,35.0430,25,-1.043423,13
CTD_CP_H,20240510T123543,1504.01,5.4798,35.0413,26,-1.043372,13
CTD_CP_H,20240510T123543,1506.02,5.4663,35.0403,25,-1.043387,12
CTD_CP_H,20240510T123543,1508.00,5.4520,35.0392,25,-1.043389,13
CTD_CP_H,20240510T123543,1510.00,5.4412,35.0382,25,-1.043401,12
CTD_CP_H,20240510T123543,1512.00,5.4330,35.0372,25,-1.043381,13
CTD_CP_H,20240510T123543,1514.01,5.4263,35.0360,25,-1.043379,12
CTD_CP_H,20240510T123544,1516.02,5.4144,35.0350,25,-1.043386,13
CTD_CP_H,20240510T123544,1518.00,5.4067,35.0341,24,-1.043394,12
CTD_CP_H,20240510T123544,1520.00,5.3944,35.0333,25,-1.043378,12
CTD_CP_H,20240510T123544,1522.03,5.3739,35.0321,25,-1.043365,13
CTD_CP_H,20240510T123544,1524.02,5.3683,35.0313,24,-1.043393,12
CTD_CP_H,20240510T123544,1525.99,5.3618,35.0308,24,-1.043392,12
CTD_CP_H,20240510T123544,1527.97,5.3520,35.0297,24,-1.043398,12
CTD_CP_H,20240510T123544,1530.01,5.3461,35.0289,25,-1.043393,12
CTD_CP_H,20240510T123544,1532.04,5.3428,35.0288,24,-1.043403,12
CTD_CP_H,20240510T123544,1534.03,5.3305,35.0279,24,-1.043370,12
CTD_CP_H,20240510T123544,1536.03,5.3251,35.0271,24,-1.043376,12
CTD_CP_H,20240510T123544,1538.02,5.3201,35.0265,24,-1.043381,12
CTD_CP_H,20240510T123544,1539.98,5.3056,35.0253,23,-1.043380,12
CTD_CP_H,20240510T123545,1541.95,5.2923,35.0245,24,-1.043372,12
CTD_CP_H,20240510T123545,1544.00,5.2805,35.0235,25,-1.043386,12
CTD_CP_H,20240510T123545,1546.00,5.2722,35.0229,23,-1.043393,12
CTD_CP_H,20240510T123545,1547.96,5.2636,35.0218,24,-1.043419,12
CTD_CP_H,20240510T123545,1549.98,5.2481,35.0204,24,-1.043401,12
CTD_CP_H,20240510T123545,1552.00,5.2380,35.0187,24,-1.043381,12
CTD_CP_H,20240510T123545,1553.99,5.2264,35.0181,23,-1.043387,11
CTD_CP_H,20240510T123545,1555.97,5.2133,35.0171,24,-1.043375,12
CTD_CP_H,20240510T123545,1557.99,5.2071,35.0159,24,-1.043402,12
CTD_CP_H,20240510T123545,1560.00,5.1925,35.0142,23,-1.043355,12
CTD_CP_H,20240510T123545,1562.00,5.1706,35.0123,24,-1.043339,12
CTD_CP_H,20240510T123545,1564.01,5.1527,35.0103,23,-1.043316,11
CTD_CP_H,20240510T123545,1565.99,5.1409,35.0089,23,-1.043297,12
CTD_CP_H,20240510T123545,1567.99,5.1256,35.0080,23,-1.043275,11
CTD_CP_H,20240510T123546,1569.96,5.1162,35.0070,23,-1.043283,12
CTD_CP_H,20240510T123546,1571.98,5.1098,35.0056,24,-1.043288,12
CTD_CP_H,20240510T123546,1574.02,5.0872,35.0041,23,-1.043277,11
CTD_CP_H,20240510T123546,1576.01,5.0700,35.0030,23,-1.043260,12
CTD_CP_H,20240510T123546,1578.01,5.0586,35.0015,23,-1.043245,11
CTD_CP_H,20240510T123546,1579.98,5.0524,35.0008,23,-1.043258,12
CTD_CP_H,20240510T123546,1581.98,5.0438,35.0001,23,-1.043254,11
CTD_CP_H,20240510T123546,1583.97,5.0352,34.9987,23,-1.043293,12
CTD_CP_H,20240510T123546,1585.96,5.0306,34.9984,23,-1.043267,11
CTD_CP_H,20240510T123546,1587.97,5.0250,34.9976,23,-1.043253,12
CTD_CP_H,20240510T123546,1590.00,5.0143,34.9967,24,-1.043243,12
CTD_CP_H,20240510T123546,1592.04,4.9941,34.9951,23,-1.043208,11
CTD_CP_H,20240510T123546,1594.04,4.9775,34.9930,23,-1.043182,12
CTD_CP_H,20240510T123547,1596.03,4.9659,34.9925,23,-1.043158,11
CTD_CP_H,20240510T123547,1598.03,4.9551,34.9913,23,-1.043148,12
CTD_CP_H,20240510T123547,1599.99,4.9428,34.9901,22,-1.043138,11
CTD_CP_H,20240510T123547,1601.96,4.9331,34.9888,23,-1.043143,11
CTD_CP_H,20240510T123547,1603.97,4.9278,34.9887,23,-1.043150,12
CTD_CP_H,20240510T123547,1606.00,4.9149,34.9875,24,-1.043111,12
CTD_CP_H,20240510T123547,1608.01,4.8968,34.9859,22,-1.043084,11
CTD_CP_H,20240510T123547,1609.98,4.8805,34.9849,23,-1.043084,11
CTD_CP_H,20240510T123547,1611.98,4.8778,34.9843,23,-1.043092,12
CTD_CP_H,20240510T123547,1614.01,4.8717,34.9834,24,-1.043093,12
CTD_CP_H,20240510T123547,1616.01,4.8638,34.9826,22,-1.043087,11
CTD_CP_H,20240510T123547,1618.01,4.8602,34.9821,24,-1.043084,12
CTD_CP_H,20240510T123547,1620.02,4.8540,34.9817,22,-1.043088,11
CTD_CP_H,20240510T123547,1621.99,4.8472,34.9811,23,-1.043090,11
CTD_CP_H,20240510T123548,1623.98,4.8404,34.9803,23,-1.043089,12
CTD_CP_H,20240510T123548,1626.00,4.8235,34.9783,24,-1.043061,12
CTD_CP_H,20240510T123548,1628.03,4.8051,34.9772,23,-1.043024,11
CTD_CP_H,20240510T123548,1630.02,4.8026,34.9763,23,-1.043037,12
CTD_CP_H,20240510T123548,1631.99,4.7917,34.9755,23,-1.043034,11
CTD_CP_H,20240510T123548,1633.97,4.7738,34.9742,23,-1.043002,12
CTD_CP_H,20240510T123548,1636.01,4.7655,34.9727,24,-1.043011,12
CTD_CP_H,20240510T123548,1638.01,4.7465,34.9715,22,-1.042968,11
CTD_CP_H,20240510T123548,1640.00,4.7316,34.9698,24,-1.042947,12
CTD_CP_H,20240510T123548,1642.05,4.7175,34.9691,23,-1.042925,11
CTD_CP_H,20240510T123548,1644.02,4.7062,34.9674,22,-1.042932,11
CTD_CP_H,20240510T123548,1645.97,4.6939,34.9671,23,-1.042942,12
CTD_CP_H,20240510T123548,1648.01,4.6849,34.9662,24,-1.042927,12
CTD_CP_H,20240510T123549,1649.99,4.6801,34.9657,22,-1.042919,11
CTD_CP_H,20240510T123549,1651.97,4.6703,34.9648,24,-1.042915,12
CTD_CP_H,20240510T123549,1653.98,4.6519,34.9639,23,-1.042927,11
CTD_CP_H,20240510T123549,1655.96,4.6445,34.9633,23,-1.042963,12
CTD_CP_H,20240510T123549,1657.99,4.6368,34.9629,24,-1.042964,12
CTD_CP_H,20240510T123549,1660.02,4.6279,34.9624,23,-1.042968,11
CTD_CP_H,20240510T123549,1662.01,4.6200,34.9613,24,-1.042975,12
CTD_CP_H,20240510T123549,1664.01,4.6098,34.9608,23,-1.042979,12
CTD_CP_H,20240510T123549,1665.99,4.5991,34.9600,23,-1.042971,11
CTD_CP_H,20240510T123549,1667.97,4.5891,34.9590,23,-1.042960,12
CTD_CP_H,20240510T123549,1669.98,4.5838,34.9586,24,-1.042956,12
CTD_CP_H,20240510T123549,1672.01,4.5706,34.9575,23,-1.042944,11
CTD_CP_H,20240510T123549,1673.98,4.5562,34.9559,23,-1.042936,12
CTD_CP_H,20240510T123549,1675.98,4.5421,34.9550,23,-1.042918,11
CTD_CP_H,20240510T123550,1678.01,4.5227,34.9539,24,-1.042944,12
CTD_CP_H,20240510T123550,1680.02,4.5081,34.9522,23,-1.042934,12
CTD_CP_H,20240510T123550,1682.00,4.4742,34.9495,23,-1.042862,11
CTD_CP_H,20240510T123550,1683.98,4.4488,34.9475,23,-1.042845,12
CTD_CP_H,20240510T123550,1686.00,4.4327,34.9466,24,-1.042827,12
CTD_CP_H,20240510T123550,1688.02,4.4231,34.9449,24,-1.042808,12
CTD_CP_H,20240510T123550,1690.02,4.4087,34.9441,27,-1.042786,13
CTD_CP_H,20240510T123550,1691.99,4.3863,34.9428,30,-1.042764,15
CTD_CP_H,20240510T123550,1694.00,4.3804,34.9416,30,-1.042775,15
CTD_CP_H,20240510T123550,1695.99,4.3700,34.9408,29,-1.042772,15
CTD_CP_H,20240510T123550,1697.96,4.3555,34.9392,30,-1.042751,15
CTD_CP_H,20240510T123550,1699.98,4.3476,34.9386,30,-1.042733,15
CTD_CP_H,20240510T123550,1702.03,4.3334,34.9377,30,-1.042689,15
CTD_CP_H,20240510T123551,1704.04,4.3175,34.9363,29,-1.042687,14
CTD_CP_H,20240510T123551,1706.03,4.3128,34.9357,29,-1.042701,15
CTD_CP_H,20240510T123551,1708.03,4.3019,34.9343,29,-1.042696,14
CTD_CP_H,20240510T123551,1710.02,4.2861,34.9333,28,-1.042690,14
CTD_CP_H,20240510T123551,1712.00,4.2664,34.9313,29,-1.042678,15
CTD_CP_H,20240510T123551,1714.00,4.2480,34.9297,28,-1.042663,14
CTD_CP_H,20240510T123551,1716.00,4.2263,34.9283,28,-1.042632,14
CTD_CP_H,20240510T123551,1718.01,4.2166,34.9272,28,-1.042630,14
CTD_CP_H,20240510T123551,1720.01,4.2099,34.9266,28,-1.042624,14
CTD_CP_H,20240510T123551,1722.04,4.1994,34.9259,28,-1.042598,14
CTD_CP_H,20240510T123551,1724.03,4.1884,34.9243,27,-1.042589,13
CTD_CP_H,20240510T123551,1726.00,4.1781,34.9236,27,-1.042589,14
CTD_CP_H,20240510T123551,1727.98,4.1729,34.9232,27,-1.042617,13
CTD_CP_H,20240510T123552,1729.97,4.1655,34.9230,27,-1.042628,14
CTD_CP_H,20240510T123552,1731.99,4.1560,34.9225,27,-1.042603,13
CTD_CP_H,20240510T123552,1733.99,4.1501,34.9217,27,-1.042587,14
CTD_CP_H,20240510T123552,1736.02,4.1460,34.9207,27,-1.042586,13
CTD_CP_H,20240510T123552,1738.02,4.1367,34.9205,26,-1.042597,13
CTD_CP_H,20240510T123552,1739.99,4.1290,34.9199,26,-1.042595,13
CTD_CP_H,20240510T123552,1741.98,4.1220,34.9190,26,-1.042606,13
CTD_CP_H,20240510T123552,1744.00,4.1139,34.9187,27,-1.042604,14
CTD_CP_H,20240510T123552,1745.99,4.1086,34.9181,25,-1.042602,12
CTD_CP_H,20240510T123552,1748.01,4.1015,34.9170,27,-1.042584,14
CTD_CP_H,20240510T123552,1750.04,4.0850,34.9162,25,-1.042584,12
CTD_CP_H,20240510T123552,1752.00,4.0717,34.9153,25,-1.042559,13
CTD_CP_H,20240510T123552,1753.98,4.0622,34.9146,25,-1.042557,12
CTD_CP_H,20240510T123552,1755.97,4.0553,34.9140,25,-1.042550,13
CTD_CP_H,20240510T123553,1758.01,4.0472,34.9131,26,-1.042547,13
CTD_CP_H,20240510T123553,1760.00,4.0348,34.9119,24,-1.042535,12
CTD_CP_H,20240510T123553,1761.97,4.0226,34.9109,25,-1.042532,12
CTD_CP_H,20240510T123553,1764.00,4.0093,34.9100,25,-1.042519,13
CTD_CP_H,20240510T123553,1766.01,4.0051,34.9092,24,-1.042492,12
CTD_CP_H,20240510T123553,1767.98,4.0022,34.9092,24,-1.042499,12
CTD_CP_H,20240510T123553,1769.98,3.9975,34.9079,25,-1.042501,12
CTD_CP_H,20240510T123553,1771.98,3.9817,34.9068,24,-1.042492,12
CTD_CP_H,20240510T123553,1773.97,3.9731,34.9065,24,-1.042471,12
CTD_CP_H,20240510T123553,1775.98,3.9638,34.9054,25,-1.042453,13
CTD_CP_H,20240510T123553,1778.00,3.9529,34.9042,24,-1.042433,12
CTD_CP_H,20240510T123553,1779.98,3.9481,34.9040,24,-1.042431,12
CTD_CP_H,20240510T123553,1781.99,3.9398,34.9031,24,-1.042424,12
CTD_CP_H,20240510T123554,1784.00,3.9315,34.9028,24,-1.042396,12
CTD_CP_H,20240510T123554,1786.02,3.9299,34.9020,24,-1.042392,12
CTD_CP_H,20240510T123554,1788.00,3.9174,34.9012,23,-1.042389,11
CTD_CP_H,20240510T123554,1789.98,3.9077,34.9005,24,-1.042388,12
CTD_CP_H,20240510T123554,1791.98,3.9051,34.9001,23,-1.042377,12
CTD_CP_H,20240510T123554,1793.98,3.9007,34.8999,24,-1.042404,12
CTD_CP_H,20240510T123554,1796.02,3.8972,34.8987,24,-1.042387,12
CTD_CP_H,20240510T123554,1798.02,3.8802,34.8975,23,-1.042331,11
CTD_CP_H,20240510T123554,1800.00,3.8674,34.8964,23,-1.042298,12
CTD_CP_H,20240510T123554,1802.00,3.8631,34.8956,23,-1.042310,11
CTD_CP_H,20240510T123554,1803.99,3.8574,34.8942,23,-1.042287,12
CTD_CP_H,20240510T123554,1805.98,3.8416,34.8935,23,-1.042258,11
CTD_CP_H,20240510T123554,1808.00,3.8310,34.8925,23,-1.042255,12
CTD_CP_H,20240510T123554,1810.01,3.8281,34.8923,23,-1.042266,11
CTD_CP_H,20240510T123555,1812.02,3.8215,34.8917,23,-1.042252,12
CTD_CP_H,20240510T123555,1814.01,3.8095,34.8904,22,-1.042224,11
CTD_CP_H,20240510T123555,1816.00,3.7929,34.8889,23,-1.042216,11
CTD_CP_H,20240510T123555,1818.01,3.7848,34.8887,22,-1.042228,11
CTD_CP_H,20240510T123555,1819.99,3.7823,34.8879,23,-1.042230,12
CTD_CP_H,20240510T123555,1821.98,3.7775,34.8873,22,-1.042207,11
CTD_CP_H,20240510T123555,1823.99,3.7734,34.8870,23,-1.042202,11
CTD_CP_H,20240510T123555,1826.01,3.7597,34.8863,22,-1.042171,11
CTD_CP_H,20240510T123555,1828.03,3.7458,34.8853,23,-1.042155,12
CTD_CP_H,20240510T123555,1830.01,3.7358,34.8842,21,-1.042134,10
CTD_CP_H,20240510T123555,1831.99,3.7255,34.8832,23,-1.042114,12
CTD_CP_H,20240510T123555,1834.01,3.7154,34.8819,22,-1.042067,11
CTD_CP_H,20240510T123555,1836.00,3.7067,34.8816,22,-1.042055,11
CTD_CP_H,20240510T123556,1837.98,3.7013,34.8808,22,-1.042075,11
CTD_CP_H,20240510T123556,1840.03,3.6957,34.8801,24,-1.042060,12
CTD_CP_H,20240510T123556,1842.08,3.6854,34.8797,26,-1.042065,13
CTD_CP_H,20240510T123556,1844.02,3.6770,34.8789,28,-1.042050,14
CTD_CP_H,20240510T123556,1845.99,3.6736,34.8787,28,-1.042044,14
CTD_CP_H,20240510T123556,1847.99,3.6715,34.8785,29,-1.042064,14
CTD_CP_H,20240510T123556,1850.01,3.6641,34.8777,28,-1.042069,14
CTD_CP_H,20240510T123556,1852.00,3.6499,34.8768,28,-1.042055,14
CTD_CP_H,20240510T123556,1854.01,3.6446,34.8757,29,-1.042058,15
CTD_CP_H,20240510T123556,1856.03,3.6344,34.8751,28,-1.042052,14
CTD_CP_H,20240510T123556,1858.04,3.6282,34.8745,28,-1.042038,14
CTD_CP_H,20240510T123556,1860.03,3.6211,34.8736,28,-1.042058,14
CTD_CP_H,20240510T123556,1862.01,3.6094,34.8729,27,-1.042047,13
CTD_CP_H,20240510T123556,1863.98,3.5954,34.8713,28,-1.042013,14
CTD_CP_H,20240510T123557,1865.98,3.5808,34.8706,27,-1.042005,14
CTD_CP_H,20240510T123557,1868.00,3.5774,34.8702,28,-1.042020,14
CTD_CP_H,20240510T123557,1870.01,3.5686,34.8695,27,-1.042023,13
CTD_CP_H,20240510T123557,1872.00,3.5552,34.8684,27,-1.042017,14
CTD_CP_H,20240510T123557,1873.99,3.5502,34.8677,27,-1.042025,13
CTD_CP_H,20240510T123557,1876.01,3.5440,34.8676,27,-1.042044,14
CTD_CP_H,20240510T123557,1877.99,3.5366,34.8671,26,-1.042041,13
CTD_CP_H,20240510T123557,1879.97,3.5283,34.8660,27,-1.042026,13
CTD_CP_H,20240510T123557,1881.97,3.5210,34.8651,26,-1.042021,13
CTD_CP_H,20240510T123557,1883.98,3.5168,34.8650,27,-1.042041,14
CTD_CP_H,20240510T123557,1885.99,3.5091,34.8649,26,-1.042036,13
CTD_CP_H,20240510T123557,1887.97,3.5078,34.8643,26,-1.042054,13
CTD_CP_H,20240510T123557,1889.99,3.5052,34.8643,27,-1.042045,13
CTD_CP_H,20240510T123558,1892.03,3.5038,34.8639,26,-1.042036,13
CTD_CP_H,20240510T123558,1894.04,3.4994,34.8635,26,-1.042062,13
CTD_CP_H,20240510T123558,1896.01,3.4912,34.8628,25,-1.042056,13
CTD_CP_H,20240510T123558,1897.96,3.4777,34.8619,25,-1.042038,12
CTD_CP_H,20240510T123558,1899.96,3.4732,34.8616,26,-1.042017,13
CTD_CP_H,20240510T123558,1902.00,3.4686,34.8612,26,-1.042025,13
CTD_CP_H,20240510T123558,1904.00,3.4650,34.8605,25,-1.042036,13
CTD_CP_H,20240510T123558,1906.00,3.4605,34.8603,26,-1.042043,13
CTD_CP_H,20240510T123558,1908.02,3.4541,34.8597,25,-1.042065,12
CTD_CP_H,20240510T123558,1910.00,3.4488,34.8594,25,-1.042080,13
CTD_CP_H,20240510T123558,1912.00,3.4424,34.8588,25,-1.042062,12
CTD_CP_H,20240510T123558,1914.00,3.4407,34.8584,25,-1.042088,13
CTD_CP_H,20240510T123558,1916.02,3.4343,34.8581,25,-1.042089,12
CTD_CP_H,20240510T123558,1918.02,3.4249,34.8573,24,-1.042087,12
CTD_CP_H,20240510T123559,1919.99,3.4191,34.8570,24,-1.042083,12
CTD_CP_H,20240510T123559,1921.98,3.4141,34.8562,25,-1.042094,13
CTD_CP_H,20240510T123559,1924.03,3.4084,34.8559,25,-1.042101,12
CTD_CP_H,20240510T123559,1926.03,3.3957,34.8549,24,-1.042096,12
CTD_CP_H,20240510T123559,1928.00,3.3890,34.8543,24,-1.042084,12
CTD_CP_H,20240510T123559,1930.00,3.3815,34.8542,24,-1.042111,12
CTD_CP_H,20240510T123559,1931.99,3.3707,34.8527,24,-1.042112,12
CTD_CP_H,20240510T123559,1934.00,3.3655,34.8527,24,-1.042115,12
CTD_CP_H,20240510T123559,1936.02,3.3589,34.8518,24,-1.042113,12
CTD_CP_H,20240510T123559,1938.03,3.3505,34.8514,24,-1.042144,12
CTD_CP_H,20240510T123559,1940.01,3.3451,34.8511,23,-1.042170,12
CTD_CP_H,20240510T123559,1942.00,3.3388,34.8504,24,-1.042176,12
CTD_CP_H,20240510T123559,1944.02,3.3359,34.8502,24,-1.042194,12
CTD_CP_H,20240510T123600,1946.02,3.3314,34.8499,23,-1.042211,11
CTD_CP_H,20240510T123600,1948.02,3.3247,34.8495,24,-1.042227,12
CTD_CP_H,20240510T123600,1950.04,3.3191,34.8490,23,-1.042233,12
CTD_CP_H,20240510T123600,1952.01,3.3078,34.8480,23,-1.042238,11
CTD_CP_H,20240510T123600,1954.00,3.3009,34.8475,23,-1.042263,12
CTD_CP_H,20240510T123600,1955.98,3.2949,34.8472,23,-1.042291,11
CTD_CP_H,20240510T123600,1957.98,3.2914,34.8470,23,-1.042320,12
CTD_CP_H,20240510T123600,1959.98,3.2882,34.8465,23,-1.042345,11
CTD_CP_H,20240510T123600,1961.96,3.2833,34.8460,23,-1.042372,12
CTD_CP_H,20240510T123600,1964.00,3.2760,34.8456,24,-1.042397,12
CTD_CP_H,20240510T123600,1966.01,3.2702,34.8449,22,-1.042445,11
CTD_CP_H,20240510T123600,1967.99,3.2631,34.8443,23,-1.042444,11
CTD_CP_H,20240510T123600,1970.02,3.2556,34.8439,23,-1.042475,12
CTD_CP_H,20240510T123600,1972.02,3.2489,34.8432,22,-1.042513,11
CTD_CP_H,20240510T123601,1974.01,3.2422,34.8429,23,-1.042521,11
CTD_CP_H,20240510T123601,1976.02,3.2353,34.8421,22,-1.042510,11
CTD_CP_H,20240510T123601,1978.00,3.2222,34.8415,22,-1.042526,11
CTD_CP_H,20240510T123601,1979.97,3.2141,34.8409,22,-1.042531,11
CTD_CP_H,20240510T123601,1982.00,3.2089,34.8403,23,-1.042531,12
CTD_CP_H,20240510T123601,1984.04,3.2000,34.8396,22,-1.042511,11
CTD_CP_H,20240510T123601,1986.03,3.1918,34.8391,22,-1.042503,11
CTD_CP_H,20240510T123601,1988.03,3.1886,34.8385,22,-1.042449,11
CTD_CP_H,20240510T123601,1990.04,3.1843,34.8381,22,-1.042366,11
CTD_CP_H,20240510T123601,1992.01,3.1741,34.8377,21,-1.042287,9
CTD_CP_H,20240510T123601,1993.98,3.1633,34.8369,22,nan,0
CTD_CP_H,20240510T123601,1995.77,3.1575,34.8364,17,nan,0
GPS,20240510T123652,17.969387,68.029854,10
CTD_P,20240510T123654,-0.19
