1902844_Rtraj.nc	428ee0f12f3e5d83264eac7325e4f7bc26fcf8fd8f1ee748c928c8047e2aa107
2901304_Rtraj.nc	dd705ca398c43a7c844e929bc5bab618c1cd43ae1ee3f465b50f35bbe23d26c5
2901305_Rtraj.nc	fce04c8491bc2f43b6959c8d4b0d04469ef126423b7065fc1ad586edfd37e324
2901328_Rtraj.nc	7b7346a07cb9336ac2b8995038c03990529dfe0bcd6aed55f0ab18c026c56658
2901339_Rtraj.nc	ed6910cf7fd41500c420dc2ba76b230bfa3c222aeeac620bad4e43c89e878a4d
2901350_Rtraj.nc	106be3deb4a813559007b002627b4d92b749878e9bc8d081b6c1eb6d68c239d5
2902086_Rtraj.nc	455f3cb0f8cbac2f27fe091e08a87f7b9eabfd7ba69c71b52e1fb4343630cc60
2902087_Rtraj.nc	759ad9ada562721c4aad0a7f6ed414345ecbf51e579ec8c597221e8135e1b3f8
2902088_Rtraj.nc	8004974b418a0dbc8a4368a928cc49c4d9c6b4be0965d14a6ee1005dd8f0ce0f
2902089_Rtraj.nc	902eb4efc7b3ec81cb1ad50a56e5f425e6d9fabd900c6a129c15db577d28dab7
2902090_Rtraj.nc	2f6e7f5afeff52f5d77edd89bb74418c7207b20afae42a3da6e04d6f7e08f974
2902091_Rtraj.nc	3e8c663840bc2e4f6062da34a93fc25e2bd0f08a4632c72be398c09577b18e7e
2902092_Rtraj.nc	3589151fa2ddd3b8edf9ad4d665f85560ac7cdea510efa8f02622a310aab439b
2902093_Rtraj.nc	2475ff6797a766ce9567a29b121185b8fa2f6cd6d6216b3333aba98d87f8d3d8
2902113_Rtraj.nc	e5f885ee829986cc9d33ec3e0df7b192a117f43abe7b77ff3b6ff0a297fe276e
2902114_Rtraj.nc	972b5f62b1a2802bc93ad6e02f4658eccaf27502a748d262b46231effc5c6397
2902115_Rtraj.nc	53a8dfb9442f22f5b8f873601ae468ee5d8470bdab052958d1793982ce39db14
2902118_Rtraj.nc	eaf703a0b0a08e4650a8383bdc70f7d7175ca2939b484e009013f34899b1e33e
2902120_Rtraj.nc	56304b843b4ee466d5c9ef24f9d53ccf8b1c8fbf5085db6976c2f5d57bd847a0
2902130_Rtraj.nc	30f47ecc09809bbc988d99cf3a100b20ab35391d6d102612c62c1a18a06ed711
2902131_Rtraj.nc	97f2477f200f1639b238f9ed35ed34938a5009013b5993046b27984477da8949
2902201_Rtraj.nc	2ca27153e3e1b2482393696f3a67bde4082da30d1811a18e21bad6872f622f79
2902203_Rtraj.nc	10a6a4da31ab6813b0553aa97f89d504229130418c5480d960ac178e1869dd79
2902206_Rtraj.nc	0f85ca377a59c1ac1e70efe54253b7870cf195750b78e6f89fdd1e682243eb0e
2902222_Rtraj.nc	e588cd759e587407580bec4fe484c195baef6adc0d2923c4c779ca75825467ff
2902223_Rtraj.nc	b37fc03d22f335db58e4fc800f8f0946fd8160145a16d9b46470c45cb7dcfd7c
2902224_Rtraj.nc	c9932ede41d80d76116c3bc738f00c72811cd494209a754de41083d1c3fc5a70
2904082_Rtraj.nc	dfdc1e8555d09df04b803a0ef374f0530898bc47498172a0171684dcc6054a02
6990711_Rtraj.nc	c82b61b75ccbd5eb06a41af62c075122c6707ee0e45c11da4986c8e3f01352ba
7902408_Rtraj.nc	f2a8dc38a9b2ba326d13a39632addd5bc8524cd8a86628d08f6044fb8fa659a4
