wmo,source_url,source_http_status,source_sha256,raw_profile_juld,n_prof_index,last_profile_date_utc,expected_next_profile_utc,days_since_last_profile,approx_profiles_missed,data_status,inventory_prof_num,exact_inventory_gap_count,previous_rtraj_message_utc,previous_status,position_rule_unchanged,upstream_position_changed_since_baseline,aggregate_lagging_latest_file,latest_individual_profile,latest_individual_profile_date,calculated_at_utc,result
1902844,https://data-argo.ifremer.fr/dac/incois/1902844/1902844_prof.nc,200,429de6038752becf1c58c22e8287517fc872dbce1a2651637edf4277ce032ceb,28009.586238425927,23,2026-09-08T14:04:11+00:00,2026-09-18T14:04:11+00:00,12.733507254097223,1,PROFILE OVERDUE,26,1,2026-05-04T07:00:15+00:00,NO COMMUNICATION 60+ DAYS,True,True,True,R1902844_026.nc,2026-09-18T08:55:55+00:00,2026-09-21T07:40:26.026754+00:00,PASS
2901304,https://data-argo.ifremer.fr/dac/incois/2901304/2901304_prof.nc,200,0ad7c9473cc6065a895d53546b494db6f951f5490e105bab47e80e9cba437852,22514.024317129628,19,2011-08-23T00:35:01+00:00,2011-09-02T00:35:01+00:00,5508.295428550394,550,NO RECENT PROFILE DATA 60+ DAYS,20,0,2011-09-22T08:47:29+00:00,NO COMMUNICATION 60+ DAYS,True,False,False,D2901304_020.nc,2011-08-23T00:35:01+00:00,2026-09-21T07:40:26.026754+00:00,PASS
2901305,https://data-argo.ifremer.fr/dac/incois/2901305/2901305_prof.nc,200,3175befebc1a68a1bb7f3725dcf12f01ed8050383bc0e34c9f36bd2de4775ac1,22585.38341435185,26,2011-11-02T09:12:07+00:00,2011-11-12T09:12:07+00:00,5436.936331328172,543,NO RECENT PROFILE DATA 60+ DAYS,27,0,,NO DATA,True,False,False,D2901305_027.nc,2011-11-02T09:12:07+00:00,2026-09-21T07:40:26.026754+00:00,PASS
2901328,https://data-argo.ifremer.fr/dac/incois/2901328/2901328_prof.nc,200,c94397f1543843724970c3729757b2f4f8a80edad1cc02b7723007a6233c8e39,23011.34357638889,91,2013-01-01T08:14:45+00:00,2013-01-11T08:14:45+00:00,5010.976169291134,501,NO RECENT PROFILE DATA 60+ DAYS,98,6,,NO DATA,True,False,False,D2901328_098.nc,2013-01-01T08:14:45+00:00,2026-09-21T07:40:26.026754+00:00,PASS
2901339,https://data-argo.ifremer.fr/dac/incois/2901339/2901339_prof.nc,200,629ec824d99a08b5552c57b1d008452cfe3e296c8fd91b44adad0fb690b49075,25920.905868055557,328,2020-12-19T21:44:27+00:00,2020-12-29T21:44:27+00:00,2101.4138776244677,210,NO RECENT PROFILE DATA 60+ DAYS,329,0,2020-12-20T06:39:57+00:00,NO COMMUNICATION 60+ DAYS,True,False,False,D2901339_329.nc,2020-12-19T21:44:27+00:00,2026-09-21T07:40:26.026754+00:00,PASS
2901350,https://data-argo.ifremer.fr/dac/incois/2901350/2901350_prof.nc,200,ef8f29bb5c2c89bd197b4416eb33f3c14dfe62cc58f84417eaa74bbb38fb5d7b,25683.4459375,300,2020-04-26T10:42:09+00:00,2020-05-06T10:42:09+00:00,2338.873808180023,233,NO RECENT PROFILE DATA 60+ DAYS,301,0,2020-04-26T18:09:24+00:00,NO COMMUNICATION 60+ DAYS,True,False,False,D2901350_301.nc,2020-04-26T10:42:09+00:00,2026-09-21T07:40:26.026754+00:00,PASS
2902086,https://data-argo.ifremer.fr/dac/incois/2902086/2902086_prof.nc,200,d8494144cea321a71d494349a43afc38896b9db93ae0e590ef00d17463f21854,24152.16388888889,243,2016-02-16T03:56:00+00:00,2016-02-26T03:56:00+00:00,3870.1558567911343,387,NO RECENT PROFILE DATA 60+ DAYS,244,0,2016-02-16T04:34:35+00:00,NO COMMUNICATION 60+ DAYS,True,False,False,D2902086_244.nc,2016-02-16T03:56:00+00:00,2026-09-21T07:40:26.026754+00:00,PASS
2902087,https://data-argo.ifremer.fr/dac/incois/2902087/2902087_prof.nc,200,2eacce5de08b33840e0f022f07782bb4f76ec6b05fb673d94b70abb0e71c07ad,24327.155555555557,322,2016-08-09T03:44:00+00:00,2016-08-19T03:44:00+00:00,3695.164190124468,369,NO RECENT PROFILE DATA 60+ DAYS,323,0,2016-08-14T04:15:12+00:00,NO COMMUNICATION 60+ DAYS,True,False,False,D2902087_323.nc,2016-08-09T03:44:00+00:00,2026-09-21T07:40:26.026754+00:00,PASS
2902088,https://data-argo.ifremer.fr/dac/incois/2902088/2902088_prof.nc,200,fffedd91d9768db85f1ae3c7ded8feb922b1931034807ef416d070af07fb4564,25270.15902777778,227,2019-03-10T03:49:00+00:00,2019-03-20T03:49:00+00:00,2752.1607179022453,275,NO RECENT PROFILE DATA 60+ DAYS,228,0,2019-03-20T04:35:01+00:00,NO COMMUNICATION 60+ DAYS,True,False,False,D2902088_228.nc,2019-03-10T03:49:00+00:00,2026-09-21T07:40:26.026754+00:00,PASS
2902089,https://data-argo.ifremer.fr/dac/incois/2902089/2902089_prof.nc,200,f4dc1d6e35dcb0ac6b4644a12cf5a4e62243384507379c68b538ee36ecca429f,23308.41875,129,2013-10-25T10:03:00+00:00,2013-11-04T10:03:00+00:00,4713.900995680024,471,NO RECENT PROFILE DATA 60+ DAYS,130,0,2013-10-29T14:21:48+00:00,NO COMMUNICATION 60+ DAYS,True,False,False,D2902089_130.nc,2013-10-25T10:03:00+00:00,2026-09-21T07:40:26.026754+00:00,PASS
2902090,https://data-argo.ifremer.fr/dac/incois/2902090/2902090_prof.nc,200,300f52a401ae65f155b57245a960e517a38d0bda9c550366c31e9d5c8abc7f55,23143.14375,15,2013-05-13T03:27:00+00:00,2013-05-23T03:27:00+00:00,4879.175995680023,487,NO RECENT PROFILE DATA 60+ DAYS,16,0,2013-05-13T04:06:07+00:00,NO COMMUNICATION 60+ DAYS,True,False,False,D2902090_016.nc,2013-05-13T03:27:00+00:00,2026-09-21T07:40:26.026754+00:00,PASS
2902091,https://data-argo.ifremer.fr/dac/incois/2902091/2902091_prof.nc,200,3a533512cb9851531bcb95bbd9d2f6f313fd4d51beb117a6941565e164ba9d28,23084.144444444446,12,2013-03-15T03:28:00+00:00,2013-03-25T03:28:00+00:00,4938.175301235579,493,NO RECENT PROFILE DATA 60+ DAYS,13,0,2013-12-24T12:49:06+00:00,NO COMMUNICATION 60+ DAYS,True,False,False,D2902091_013.nc,2013-03-15T03:28:00+00:00,2026-09-21T07:40:26.026754+00:00,PASS
2902092,https://data-argo.ifremer.fr/dac/incois/2902092/2902092_prof.nc,200,bd1c6596fa21b22ca433c48979f3f5bc0e9ff9e541b0908f1a4c6fa982b39eb5,24454.15902777778,148,2016-12-14T03:49:00+00:00,2016-12-24T03:49:00+00:00,3568.160717902246,356,NO RECENT PROFILE DATA 60+ DAYS,149,0,2016-12-14T06:51:30+00:00,NO COMMUNICATION 60+ DAYS,True,False,False,D2902092_149.nc,2016-12-14T03:49:00+00:00,2026-09-21T07:40:26.026754+00:00,PASS
2902093,https://data-argo.ifremer.fr/dac/incois/2902093/2902093_prof.nc,200,ab715de1fd548c576ede67fc150fca88bbd859a04dcd8b2234587bd4ef8a46aa,25314.160416666666,233,2019-04-23T03:51:00+00:00,2019-05-03T03:51:00+00:00,2708.1593290133565,270,NO RECENT PROFILE DATA 60+ DAYS,234,0,2019-04-23T04:30:41+00:00,NO COMMUNICATION 60+ DAYS,True,False,False,R2902093_234.nc,2019-04-23T03:51:00+00:00,2026-09-21T07:40:26.026754+00:00,PASS
2902113,https://data-argo.ifremer.fr/dac/incois/2902113/2902113_prof.nc,200,411083548075023d27ca4c0a7914f564bb9f98fbaecf0318b89bc8fabbe38225,23337.544444444444,1,2013-11-23T13:04:00+00:00,2013-12-03T13:04:00+00:00,4684.775301235579,468,NO RECENT PROFILE DATA 60+ DAYS,2,0,2013-11-23T13:44:07+00:00,NO COMMUNICATION 60+ DAYS,True,False,False,D2902113_002.nc,2013-11-23T13:04:00+00:00,2026-09-21T07:40:26.026754+00:00,PASS
2902114,https://data-argo.ifremer.fr/dac/incois/2902114/2902114_prof.nc,200,d7a0759d850b40a521d8c3111d2b47660902a163bac9724009adb76e5068857d,24753.495833333334,283,2017-10-09T11:54:00+00:00,2017-10-19T11:54:00+00:00,3268.82391234669,326,NO RECENT PROFILE DATA 60+ DAYS,284,0,2017-10-09T12:36:42+00:00,NO COMMUNICATION 60+ DAYS,True,False,False,D2902114_284.nc,2017-10-09T11:54:00+00:00,2026-09-21T07:40:26.026754+00:00,PASS
2902115,https://data-argo.ifremer.fr/dac/incois/2902115/2902115_prof.nc,200,ed64d951c589430b83299db9f6b7f58d93d48143c7a4386018d20c940b4fa316,25703.495138888888,237,2020-05-16T11:53:00+00:00,2020-05-26T11:53:00+00:00,2318.824606791134,231,NO RECENT PROFILE DATA 60+ DAYS,238,0,2020-05-16T12:33:49+00:00,NO COMMUNICATION 60+ DAYS,True,False,False,D2902115_238.nc,2020-05-16T11:53:00+00:00,2026-09-21T07:40:26.026754+00:00,PASS
2902118,https://data-argo.ifremer.fr/dac/incois/2902118/2902118_prof.nc,200,4f2d81830ad50e8252aba58b2fce69338ffb9a30b3151306d50d424caf0ff27f,26043.49236111111,260,2021-04-21T11:49:00+00:00,2021-05-01T11:49:00+00:00,1978.8273845689118,197,NO RECENT PROFILE DATA 60+ DAYS,261,0,2021-04-21T12:26:31+00:00,NO COMMUNICATION 60+ DAYS,True,False,False,D2902118_261.nc,2021-04-21T11:49:00+00:00,2026-09-21T07:40:26.026754+00:00,PASS
2902120,https://data-argo.ifremer.fr/dac/incois/2902120/2902120_prof.nc,200,c5613719040f650223d0e53fefe067436173ab39cca424bf78dc9205d9e39b67,26054.488194444446,261,2021-05-02T11:43:00+00:00,2021-05-12T11:43:00+00:00,1967.8315512355787,196,NO RECENT PROFILE DATA 60+ DAYS,262,0,2021-05-12T12:41:44+00:00,NO COMMUNICATION 60+ DAYS,True,False,False,D2902120_262.nc,2021-05-02T11:43:00+00:00,2026-09-21T07:40:26.026754+00:00,PASS
2902130,https://data-argo.ifremer.fr/dac/incois/2902130/2902130_prof.nc,200,7a46bf0481f37d92019c971a3bbd5eb9cb4690c0022c69e75b2b7f6180f1ea56,25251.475694444445,188,2019-02-19T11:25:00+00:00,2019-03-01T11:25:00+00:00,2770.8440512355787,277,NO RECENT PROFILE DATA 60+ DAYS,189,0,2019-02-19T12:07:20+00:00,NO COMMUNICATION 60+ DAYS,True,False,False,D2902130_189.nc,2019-02-19T11:25:00+00:00,2026-09-21T07:40:26.026754+00:00,PASS
2902131,https://data-argo.ifremer.fr/dac/incois/2902131/2902131_prof.nc,200,6ff629cecdd62cd2d86a8922262c9ac9538e4fbf412af7abcf6ea39203cb003a,24341.46597222222,96,2016-08-23T11:11:00+00:00,2016-09-02T11:11:00+00:00,3680.8537734578013,368,NO RECENT PROFILE DATA 60+ DAYS,97,0,2016-08-23T11:53:50+00:00,NO COMMUNICATION 60+ DAYS,True,False,False,D2902131_097.nc,2016-08-23T11:11:00+00:00,2026-09-21T07:40:26.026754+00:00,PASS
2902201,https://data-argo.ifremer.fr/dac/incois/2902201/2902201_prof.nc,200,a35ee2fb5b8474978ddfb11404c9622b55b64425ad22eadac1a0976a96d23944,27662.501655092594,349,2025-09-26T12:02:23+00:00,2025-10-06T12:02:23+00:00,359.81809058743056,35,NO RECENT PROFILE DATA 60+ DAYS,350,0,2025-09-26T20:21:45+00:00,NO COMMUNICATION 60+ DAYS,True,False,False,R2902201_350.nc,2025-09-26T12:02:23+00:00,2026-09-21T07:40:26.026754+00:00,PASS
2902203,https://data-argo.ifremer.fr/dac/incois/2902203/2902203_prof.nc,200,f4f0cd085cc9650692051630aed2367ae90d279527779334f4600e1e10cf0bca,27903.664444444443,365,2026-05-25T15:56:48+00:00,2026-06-04T15:56:48+00:00,118.65530123557869,11,NO RECENT PROFILE DATA 60+ DAYS,374,8,2026-05-15T20:59:17+00:00,NO COMMUNICATION 60+ DAYS,True,False,False,R2902203_374.nc,2026-05-25T15:56:48+00:00,2026-09-21T07:40:26.026754+00:00,PASS
2902206,https://data-argo.ifremer.fr/dac/incois/2902206/2902206_prof.nc,200,599a0bc183c4ef0eb924947182c4a9a0ee75c3b4302ebb526733a77eb97b748e,27688.253113425926,351,2025-10-22T06:04:29+00:00,2025-11-01T06:04:29+00:00,334.0666322540972,33,NO RECENT PROFILE DATA 60+ DAYS,352,0,2026-01-20T14:14:23+00:00,NO COMMUNICATION 60+ DAYS,True,False,False,R2902206_352.nc,2025-10-22T06:04:29+00:00,2026-09-21T07:40:26.026754+00:00,PASS
2902222,https://data-argo.ifremer.fr/dac/incois/2902222/2902222_prof.nc,200,ad8c13a5716a4b93856fbdce3c13f9da965fde37153940068141947a1f02e911,27982.344537037035,348,2026-08-12T08:16:08+00:00,2026-08-22T08:16:08+00:00,39.97520864298611,3,PROFILE OVERDUE,350,1,2026-08-12T15:22:42+00:00,OVERDUE,True,False,False,R2902222_350.nc,2026-08-12T08:16:08+00:00,2026-09-21T07:40:26.026754+00:00,PASS
2902223,https://data-argo.ifremer.fr/dac/incois/2902223/2902223_prof.nc,200,374094e6362923e4b78257a12fb33c50e21dcb6bae9cbaa049d5f12c6920d06b,28013.0728125,349,2026-09-12T01:44:51+00:00,2026-09-22T01:44:51+00:00,9.246933180023149,0,ACTIVE / RECENT PROFILE,353,3,2026-09-12T06:10:30+00:00,ACTIVE,True,False,False,R2902223_353.nc,2026-09-12T01:44:51+00:00,2026-09-21T07:40:26.026754+00:00,PASS
2902224,https://data-argo.ifremer.fr/dac/incois/2902224/2902224_prof.nc,200,27b04d9ff6d6d6012432653eed6026a7b34f4162e684ebad1cc83592f544a471,27989.76863425926,344,2026-08-19T18:26:50+00:00,2026-08-29T18:26:50+00:00,32.55111142076389,3,PROFILE OVERDUE,348,3,2026-05-02T02:32:49+00:00,NO COMMUNICATION 60+ DAYS,True,False,False,R2902224_348.nc,2026-08-19T18:26:50+00:00,2026-09-21T07:40:26.026754+00:00,PASS
2904082,https://data-argo.ifremer.fr/dac/incois/2904082/2904082_prof.nc,200,db306cf18c3b1f8a857f9f87c06a02b89c5a758d56369ee3d527b2d32e2f339a,28010.584664351853,24,2026-09-09T14:01:55+00:00,2026-09-19T14:01:55+00:00,11.735081328171296,1,PROFILE OVERDUE,26,0,2026-05-05T07:14:13+00:00,NO COMMUNICATION 60+ DAYS,True,True,True,R2904082_026.nc,2026-09-19T09:06:17+00:00,2026-09-21T07:40:26.026754+00:00,PASS
6902892,https://data-argo.ifremer.fr/dac/incois/6902892/6902892_prof.nc,404,,,,,,,,NO DATA,,,,NO DATA,True,False,,,,2026-09-21T07:40:26.026754+00:00,PASS
6903014,https://data-argo.ifremer.fr/dac/incois/6903014/6903014_prof.nc,404,,,,,,,,NO DATA,,,,NO DATA,True,False,,,,2026-09-21T07:40:26.026754+00:00,PASS
6990711,https://data-argo.ifremer.fr/dac/incois/6990711/6990711_prof.nc,200,ad095355446128a0f051ed09279ad10a49da581cfa7e1a1374a9764e704f3b63,27515.000405092593,5,2025-05-02T00:00:35+00:00,2025-05-12T00:00:35+00:00,507.31934058743053,50,NO RECENT PROFILE DATA 60+ DAYS,7,0,2025-05-02T00:01:25+00:00,NO COMMUNICATION 60+ DAYS,True,False,False,R6990711_007.nc,2025-05-01T23:58:26+00:00,2026-09-21T07:40:26.026754+00:00,PASS
7902408,https://data-argo.ifremer.fr/dac/incois/7902408/7902408_prof.nc,200,953e53d1a4be1a268609c29706d346406018dc6ec82622ae3f90e3de752efbf6,28010.710358796296,17,2026-09-09T17:02:55+00:00,2026-09-19T17:02:55+00:00,11.609386883726852,1,PROFILE OVERDUE,19,0,2026-05-05T09:58:55+00:00,NO COMMUNICATION 60+ DAYS,True,True,True,R7902408_019.nc,2026-09-19T12:07:01+00:00,2026-09-21T07:40:26.026754+00:00,PASS
