Message,20240224T050405,Firmware: 12/04/18 17:42:38 2.12.2.1 STD Final
Message,20240224T050405,Username: f8673
Message,20240224T050405,Float ID: 029-0319
GPS,20240224T050405,-53.217224,82.595314,9
CTD_P,20240224T050406,-0.87
CTD_P,20240224T050407,-0.90
Message,20240224T050412,Park Descent Mission**********
CTD_P,20240224T050430,-0.70
CTD_P,20240224T050432,-0.62
CTD_P,20240224T061424,484.57
CTD_P,20240224T061425,484.71
CTD_P,20240224T071429,807.06
CTD_P,20240224T071430,807.15
CTD_P,20240224T081434,954.00
CTD_P,20240224T081435,954.02
CTD_P,20240224T091439,984.05
CTD_P,20240224T091440,984.04
Message,20240224T091445,Park Mission******************
CTD_P,20240224T091447,984.08
CTD_PTS,20240224T091510,984.20,1.5232,34.7425
CTD_P,20240224T091511,984.17
CTD_P,20240224T101515,979.58
CTD_PTS,20240224T101538,979.63,1.5654,34.7429
CTD_P,20240224T101539,979.57
CTD_P,20240224T111543,981.33
CTD_PTS,20240224T111606,981.34,1.5609,34.7426
CTD_P,20240224T111607,981.30
CTD_P,20240224T121611,986.39
CTD_PTS,20240224T121634,986.47,1.5736,34.7437
CTD_P,20240224T121635,986.43
CTD_P,20240224T131639,976.29
CTD_PTS,20240224T131702,976.29,1.5800,34.7453
CTD_P,20240224T131703,976.26
CTD_P,20240224T141707,985.51
CTD_PTS,20240224T141730,985.56,1.5766,34.7428
CTD_P,20240224T141731,985.50
CTD_P,20240224T151735,975.63
CTD_PTS,20240224T151758,975.64,1.5772,34.7432
CTD_P,20240224T151759,975.57
CTD_P,20240224T161803,984.28
CTD_PTS,20240224T161826,984.30,1.5738,34.7433
CTD_P,20240224T161827,984.27
CTD_P,20240224T171831,976.27
CTD_PTS,20240224T171854,976.28,1.5615,34.7449
CTD_P,20240224T171855,976.23
CTD_P,20240224T181859,982.78
CTD_PTS,20240224T181922,982.83,1.5402,34.7432
CTD_P,20240224T181923,982.78
CTD_P,20240224T191927,983.32
CTD_PTS,20240224T191950,983.37,1.5360,34.7428
CTD_P,20240224T191951,983.31
CTD_P,20240224T201955,985.62
CTD_PTS,20240224T202018,985.70,1.5461,34.7433
CTD_P,20240224T202019,985.66
CTD_P,20240224T212023,982.04
CTD_PTS,20240224T212046,982.05,1.5596,34.7433
CTD_P,20240224T212047,982.03
CTD_P,20240224T222051,985.45
CTD_PTS,20240224T222114,985.51,1.5570,34.7439
CTD_P,20240224T222115,985.44
CTD_P,20240224T232119,987.31
CTD_PTS,20240224T232142,987.36,1.5820,34.7426
CTD_P,20240224T232143,987.33
CTD_P,20240225T002147,981.91
CTD_PTS,20240225T002210,981.87,1.6108,34.7430
CTD_P,20240225T002211,981.82
CTD_P,20240225T012215,980.02
CTD_PTS,20240225T012238,980.07,1.5777,34.7439
CTD_P,20240225T012239,980.03
CTD_P,20240225T022243,983.51
CTD_PTS,20240225T022306,983.54,1.5660,34.7412
CTD_P,20240225T022307,983.46
CTD_P,20240225T032311,983.92
CTD_PTS,20240225T032334,984.00,1.5466,34.7438
CTD_P,20240225T032335,983.94
CTD_P,20240225T042339,984.39
CTD_PTS,20240225T042402,984.41,1.5454,34.7426
CTD_P,20240225T042403,984.39
CTD_P,20240225T052407,985.32
CTD_PTS,20240225T052430,985.29,1.5612,34.7433
CTD_P,20240225T052431,985.25
CTD_P,20240225T062435,985.41
CTD_PTS,20240225T062458,985.45,1.5549,34.7435
CTD_P,20240225T062459,985.43
CTD_P,20240225T072503,987.48
CTD_PTS,20240225T072526,987.52,1.5711,34.7437
CTD_P,20240225T072527,987.47
CTD_P,20240225T082531,984.88
CTD_PTS,20240225T082554,984.95,1.5760,34.7428
CTD_P,20240225T082555,984.90
CTD_P,20240225T092559,985.07
CTD_PTS,20240225T092622,985.19,1.5673,34.7442
CTD_P,20240225T092623,985.17
CTD_P,20240225T102627,989.85
CTD_PTS,20240225T102650,989.81,1.6048,34.7435
CTD_P,20240225T102651,989.79
CTD_P,20240225T112655,984.42
CTD_PTS,20240225T112718,984.50,1.5995,34.7443
CTD_P,20240225T112719,984.47
CTD_P,20240225T122723,982.86
CTD_PTS,20240225T122746,982.89,1.5791,34.7438
CTD_P,20240225T122747,982.86
CTD_P,20240225T132751,981.56
CTD_PTS,20240225T132814,981.58,1.5637,34.7439
CTD_P,20240225T132815,981.55
CTD_P,20240225T142819,986.34
CTD_PTS,20240225T142842,986.47,1.5448,34.7436
CTD_P,20240225T142843,986.43
CTD_P,20240225T152847,989.86
CTD_PTS,20240225T152910,989.81,1.5670,34.7431
CTD_P,20240225T152911,989.75
CTD_P,20240225T162915,984.86
CTD_PTS,20240225T162938,984.97,1.5542,34.7431
CTD_P,20240225T162939,984.89
CTD_P,20240225T172943,991.51
CTD_PTS,20240225T173006,991.57,1.5635,34.7432
CTD_P,20240225T173007,991.52
CTD_P,20240225T183011,991.76
CTD_PTS,20240225T183034,991.71,1.6034,34.7440
CTD_P,20240225T183035,991.67
CTD_P,20240225T193039,977.70
CTD_PTS,20240225T193102,977.66,1.5910,34.7442
CTD_P,20240225T193103,977.57
CTD_P,20240225T203107,989.91
CTD_PTS,20240225T203130,989.98,1.5502,34.7428
CTD_P,20240225T203131,989.92
CTD_P,20240225T213135,984.04
CTD_PTS,20240225T213158,984.01,1.5838,34.7430
CTD_P,20240225T213159,983.96
CTD_P,20240225T223203,990.15
CTD_PTS,20240225T223226,990.20,1.5632,34.7436
CTD_P,20240225T223227,990.17
CTD_P,20240225T233231,985.82
CTD_PTS,20240225T233254,985.84,1.5792,34.7430
CTD_P,20240225T233255,985.80
CTD_P,20240226T003259,989.65
CTD_PTS,20240226T003322,989.70,1.5811,34.7432
CTD_P,20240226T003323,989.66
CTD_P,20240226T013327,984.20
CTD_PTS,20240226T013350,984.25,1.5733,34.7440
CTD_P,20240226T013351,984.22
CTD_P,20240226T023355,986.53
CTD_PTS,20240226T023418,986.58,1.5682,34.7434
CTD_P,20240226T023419,986.53
CTD_P,20240226T033423,986.91
CTD_PTS,20240226T033446,986.94,1.5639,34.7438
CTD_P,20240226T033447,986.88
CTD_P,20240226T043451,988.80
CTD_PTS,20240226T043514,988.81,1.5613,34.7435
CTD_P,20240226T043515,988.79
CTD_P,20240226T053519,987.78
CTD_PTS,20240226T053542,987.84,1.5564,34.7439
CTD_P,20240226T053543,987.79
CTD_P,20240226T063547,989.67
CTD_PTS,20240226T063610,989.72,1.5613,34.7434
CTD_P,20240226T063611,989.67
CTD_P,20240226T073615,989.86
CTD_PTS,20240226T073638,989.92,1.5794,34.7437
CTD_P,20240226T073639,989.87
CTD_P,20240226T083643,988.84
CTD_PTS,20240226T083706,988.88,1.5976,34.7429
CTD_P,20240226T083707,988.82
CTD_P,20240226T093711,989.75
CTD_PTS,20240226T093734,989.78,1.5962,34.7434
CTD_P,20240226T093735,989.72
CTD_P,20240226T103739,988.19
CTD_PTS,20240226T103802,988.20,1.6029,34.7428
CTD_P,20240226T103803,988.13
CTD_P,20240226T113807,985.19
CTD_PTS,20240226T113830,985.32,1.5656,34.7428
CTD_P,20240226T113831,985.25
CTD_P,20240226T123835,990.72
CTD_PTS,20240226T123858,990.80,1.5635,34.7430
CTD_P,20240226T123859,990.75
CTD_P,20240226T133903,988.52
CTD_PTS,20240226T133926,988.58,1.5670,34.7438
CTD_P,20240226T133927,988.52
CTD_P,20240226T143931,989.25
CTD_PTS,20240226T143954,989.23,1.5664,34.7440
CTD_P,20240226T143955,989.18
CTD_P,20240226T153959,988.64
CTD_PTS,20240226T154022,988.68,1.5607,34.7432
CTD_P,20240226T154023,988.64
CTD_P,20240226T164027,992.40
CTD_PTS,20240226T164050,992.45,1.5643,34.7432
CTD_P,20240226T164051,992.37
CTD_P,20240226T174055,986.79
CTD_PTS,20240226T174118,986.79,1.5656,34.7432
CTD_P,20240226T174119,986.74
CTD_P,20240226T184123,990.57
CTD_PTS,20240226T184146,990.69,1.5493,34.7426
CTD_P,20240226T184147,990.63
CTD_P,20240226T194151,995.64
CTD_PTS,20240226T194214,995.62,1.5711,34.7428
CTD_P,20240226T194215,995.56
CTD_P,20240226T204219,986.90
CTD_PTS,20240226T204242,986.85,1.5913,34.7436
CTD_P,20240226T204243,986.82
CTD_P,20240226T214247,989.87
CTD_PTS,20240226T214310,989.96,1.5671,34.7437
CTD_P,20240226T214311,989.92
CTD_P,20240226T224315,992.36
CTD_PTS,20240226T224338,992.38,1.5732,34.7437
CTD_P,20240226T224339,992.34
CTD_P,20240226T234343,988.59
CTD_PTS,20240226T234406,988.60,1.5811,34.7443
CTD_P,20240226T234407,988.57
CTD_P,20240227T004411,993.61
CTD_PTS,20240227T004434,993.64,1.5952,34.7428
CTD_P,20240227T004435,993.60
CTD_P,20240227T014439,987.88
CTD_PTS,20240227T014502,987.92,1.5874,34.7425
CTD_P,20240227T014503,987.85
CTD_P,20240227T024507,986.12
CTD_PTS,20240227T024530,986.19,1.5561,34.7431
CTD_P,20240227T024531,986.17
CTD_P,20240227T034535,993.42
CTD_PTS,20240227T034558,993.47,1.5529,34.7436
CTD_P,20240227T034559,993.43
CTD_P,20240227T044603,990.24
CTD_PTS,20240227T044626,990.25,1.5649,34.7441
CTD_P,20240227T044627,990.19
CTD_P,20240227T054631,990.81
CTD_PTS,20240227T054654,990.98,1.5363,34.7425
CTD_P,20240227T054655,990.93
CTD_P,20240227T064659,995.12
CTD_PTS,20240227T064722,995.16,1.5679,34.7430
CTD_P,20240227T064723,995.10
CTD_P,20240227T074727,990.48
CTD_PTS,20240227T074750,990.53,1.5744,34.7433
CTD_P,20240227T074751,990.50
CTD_P,20240227T084755,994.87
CTD_PTS,20240227T084818,994.92,1.5777,34.7440
CTD_P,20240227T084819,994.89
CTD_P,20240227T094823,988.99
CTD_PTS,20240227T094846,989.03,1.5799,34.7438
CTD_P,20240227T094847,988.99
CTD_P,20240227T104851,992.75
CTD_PTS,20240227T104914,992.78,1.5779,34.7435
CTD_P,20240227T104915,992.74
CTD_P,20240227T114919,988.49
CTD_PTS,20240227T114942,988.51,1.5770,34.7435
CTD_P,20240227T114943,988.48
CTD_P,20240227T124947,992.86
CTD_PTS,20240227T125010,992.91,1.5656,34.7432
CTD_P,20240227T125011,992.86
CTD_P,20240227T135015,993.68
CTD_PTS,20240227T135038,993.65,1.5820,34.7427
CTD_P,20240227T135039,993.59
CTD_P,20240227T145043,990.86
CTD_PTS,20240227T145106,990.95,1.5723,34.7441
CTD_P,20240227T145107,990.92
CTD_P,20240227T155111,986.82
CTD_PTS,20240227T155134,986.76,1.5641,34.7442
CTD_P,20240227T155135,986.71
CTD_P,20240227T165139,991.73
CTD_PTS,20240227T165202,991.90,1.5346,34.7429
CTD_P,20240227T165203,991.87
CTD_P,20240227T175207,998.90
CTD_PTS,20240227T175230,999.02,1.5435,34.7428
CTD_P,20240227T175231,998.96
CTD_P,20240227T185235,992.17
CTD_PTS,20240227T185258,992.24,1.5651,34.7435
CTD_P,20240227T185259,992.18
CTD_P,20240227T195303,995.75
CTD_PTS,20240227T195326,995.83,1.5837,34.7437
CTD_P,20240227T195327,995.77
CTD_P,20240227T205331,990.95
CTD_PTS,20240227T205354,991.01,1.5826,34.7433
CTD_P,20240227T205355,990.95
CTD_P,20240227T215359,996.07
CTD_PTS,20240227T215422,996.15,1.5685,34.7432
CTD_P,20240227T215423,996.11
CTD_P,20240227T225427,990.48
CTD_PTS,20240227T225450,990.52,1.5745,34.7427
CTD_P,20240227T225451,990.45
CTD_P,20240227T235455,992.37
CTD_PTS,20240227T235518,992.42,1.5667,34.7434
CTD_P,20240227T235519,992.36
CTD_P,20240228T005523,992.10
CTD_PTS,20240228T005546,992.16,1.5483,34.7437
CTD_P,20240228T005547,992.15
CTD_P,20240228T015551,994.34
CTD_PTS,20240228T015614,994.40,1.5441,34.7433
CTD_P,20240228T015615,994.37
CTD_P,20240228T025619,997.25
CTD_PTS,20240228T025642,997.28,1.5627,34.7438
CTD_P,20240228T025643,997.26
CTD_P,20240228T035647,993.41
CTD_PTS,20240228T035710,993.46,1.5798,34.7435
CTD_P,20240228T035711,993.41
CTD_P,20240228T045715,994.21
CTD_PTS,20240228T045738,994.21,1.5848,34.7433
CTD_P,20240228T045739,994.18
CTD_P,20240228T055743,990.96
CTD_PTS,20240228T055806,990.95,1.5842,34.7442
CTD_P,20240228T055807,990.91
CTD_P,20240228T065811,989.49
CTD_PTS,20240228T065834,989.46,1.5655,34.7432
CTD_P,20240228T065835,989.42
CTD_P,20240228T075839,997.27
CTD_PTS,20240228T075902,997.38,1.5473,34.7426
CTD_P,20240228T075903,997.31
CTD_P,20240228T085907,993.08
CTD_PTS,20240228T085930,993.04,1.5875,34.7433
CTD_P,20240228T085931,992.98
CTD_P,20240228T095935,993.63
CTD_PTS,20240228T095958,993.71,1.5631,34.7438
CTD_P,20240228T095959,993.72
CTD_P,20240228T110003,998.74
CTD_PTS,20240228T110026,998.78,1.5763,34.7431
CTD_P,20240228T110027,998.71
CTD_P,20240228T120031,988.46
CTD_PTS,20240228T120054,988.46,1.5781,34.7417
CTD_P,20240228T120055,988.43
CTD_P,20240228T130059,993.86
CTD_PTS,20240228T130122,993.87,1.5554,34.7429
CTD_P,20240228T130123,993.83
CTD_P,20240228T140127,994.02
CTD_PTS,20240228T140150,994.09,1.5491,34.7410
CTD_P,20240228T140151,994.03
CTD_P,20240228T150155,994.90
CTD_PTS,20240228T150218,994.93,1.5554,34.7426
CTD_P,20240228T150219,994.88
CTD_P,20240228T160223,996.11
CTD_PTS,20240228T160246,996.18,1.5676,34.7429
CTD_P,20240228T160247,996.13
CTD_P,20240228T170251,994.40
CTD_PTS,20240228T170314,994.38,1.5957,34.7428
CTD_P,20240228T170315,994.34
CTD_P,20240228T180319,995.20
CTD_PTS,20240228T180342,995.26,1.5817,34.7433
CTD_P,20240228T180343,995.21
CTD_P,20240228T190347,995.12
CTD_PTS,20240228T190410,995.14,1.5868,34.7427
CTD_P,20240228T190411,995.09
CTD_P,20240228T200415,990.44
CTD_PTS,20240228T200438,990.46,1.5779,34.7429
CTD_P,20240228T200439,990.42
CTD_P,20240228T210443,995.89
CTD_PTS,20240228T210506,995.97,1.5678,34.7433
CTD_P,20240228T210507,995.90
CTD_P,20240228T220511,993.85
CTD_PTS,20240228T220534,993.87,1.5794,34.7439
CTD_P,20240228T220535,993.83
CTD_P,20240228T230539,994.77
CTD_PTS,20240228T230602,994.81,1.5687,34.7436
CTD_P,20240228T230603,994.78
CTD_P,20240229T000607,993.57
CTD_PTS,20240229T000630,993.60,1.5677,34.7428
CTD_P,20240229T000631,993.56
CTD_P,20240229T010635,990.97
CTD_PTS,20240229T010658,991.09,1.5413,34.7428
CTD_P,20240229T010659,991.06
CTD_P,20240229T020703,1004.35
CTD_PTS,20240229T020726,1004.46,1.5557,34.7428
CTD_P,20240229T020727,1004.39
CTD_P,20240229T030731,994.91
CTD_PTS,20240229T030754,994.89,1.5921,34.7408
CTD_P,20240229T030755,994.84
CTD_P,20240229T040759,994.72
CTD_PTS,20240229T040822,994.75,1.5821,34.7428
CTD_P,20240229T040823,994.69
CTD_P,20240229T050827,995.28
CTD_PTS,20240229T050850,995.30,1.5772,34.7415
CTD_P,20240229T050851,995.27
CTD_P,20240229T060855,994.61
CTD_PTS,20240229T060918,994.66,1.5797,34.7428
CTD_P,20240229T060919,994.60
CTD_P,20240229T070923,997.28
CTD_PTS,20240229T070946,997.34,1.5843,34.7430
CTD_P,20240229T070947,997.27
CTD_P,20240229T080951,995.88
CTD_PTS,20240229T081014,995.91,1.5899,34.7415
CTD_P,20240229T081015,995.87
CTD_P,20240229T091019,992.56
CTD_PTS,20240229T091042,992.57,1.5823,34.7435
CTD_P,20240229T091043,992.51
CTD_P,20240229T101047,995.49
CTD_PTS,20240229T101110,995.52,1.5648,34.7433
CTD_P,20240229T101111,995.49
CTD_P,20240229T111115,996.29
CTD_PTS,20240229T111138,996.36,1.5682,34.7424
CTD_P,20240229T111139,996.30
CTD_P,20240229T121143,995.80
CTD_PTS,20240229T121206,995.85,1.5765,34.7417
CTD_P,20240229T121207,995.81
CTD_P,20240229T131211,1002.03
CTD_PTS,20240229T131234,1002.02,1.5901,34.7408
CTD_P,20240229T131235,1001.97
CTD_P,20240229T141239,996.70
CTD_PTS,20240229T141302,996.75,1.5960,34.7427
CTD_P,20240229T141303,996.71
CTD_P,20240229T151307,995.14
CTD_PTS,20240229T151330,995.13,1.5977,34.7415
CTD_P,20240229T151331,995.08
CTD_P,20240229T161335,989.20
CTD_PTS,20240229T161358,989.35,1.5661,34.7415
CTD_P,20240229T161359,989.31
CTD_P,20240229T171403,994.19
CTD_PTS,20240229T171426,994.21,1.5530,34.7432
CTD_P,20240229T171427,994.20
CTD_P,20240229T181431,997.06
CTD_PTS,20240229T181454,997.14,1.5529,34.7422
CTD_P,20240229T181455,997.09
CTD_P,20240229T191459,1002.45
CTD_PTS,20240229T191522,1002.48,1.5627,34.7422
CTD_P,20240229T191523,1002.43
CTD_P,20240229T201527,996.23
CTD_PTS,20240229T201550,996.24,1.6008,34.7418
CTD_P,20240229T201551,996.19
CTD_P,20240229T211555,995.39
CTD_PTS,20240229T211618,995.51,1.5770,34.7405
CTD_P,20240229T211619,995.46
CTD_P,20240229T221623,997.96
CTD_PTS,20240229T221646,998.02,1.5844,34.7419
CTD_P,20240229T221647,997.94
CTD_P,20240229T231651,1002.87
CTD_PTS,20240229T231714,1002.83,1.6083,34.7418
CTD_P,20240229T231715,1002.78
CTD_P,20240301T001719,996.32
CTD_PTS,20240301T001742,996.40,1.6120,34.7411
CTD_P,20240301T001743,996.35
CTD_P,20240301T011747,994.63
CTD_PTS,20240301T011810,994.62,1.6103,34.7414
CTD_P,20240301T011811,994.54
CTD_P,20240301T021815,983.56
CTD_PTS,20240301T021838,983.63,1.5760,34.7437
CTD_P,20240301T021839,983.60
CTD_P,20240301T031843,997.08
CTD_PTS,20240301T031906,997.04,1.5761,34.7436
CTD_P,20240301T031907,997.04
CTD_P,20240301T041911,998.62
CTD_PTS,20240301T041934,998.76,1.5779,34.7424
CTD_P,20240301T041935,998.66
CTD_P,20240301T051939,996.74
CTD_PTS,20240301T052002,996.75,1.5977,34.7435
CTD_P,20240301T052003,996.73
CTD_P,20240301T062007,997.40
CTD_PTS,20240301T062030,997.45,1.5898,34.7435
CTD_P,20240301T062031,997.39
CTD_P,20240301T072035,995.90
CTD_PTS,20240301T072058,995.93,1.5915,34.7422
CTD_P,20240301T072059,995.88
CTD_P,20240301T082103,997.87
CTD_PTS,20240301T082126,997.90,1.5923,34.7421
CTD_P,20240301T082127,997.86
CTD_P,20240301T092131,997.19
CTD_PTS,20240301T092154,997.19,1.5855,34.7420
CTD_P,20240301T092155,997.17
CTD_P,20240301T102159,995.15
CTD_PTS,20240301T102222,995.23,1.5889,34.7420
CTD_P,20240301T102223,995.20
CTD_P,20240301T112227,1000.67
CTD_PTS,20240301T112250,1000.61,1.5857,34.7412
CTD_P,20240301T112251,1000.56
CTD_P,20240301T122255,996.04
CTD_PTS,20240301T122318,996.09,1.5897,34.7410
CTD_P,20240301T122319,996.06
CTD_P,20240301T132323,998.05
CTD_PTS,20240301T132346,998.12,1.5748,34.7407
CTD_P,20240301T132347,998.08
CTD_P,20240301T142351,999.97
CTD_PTS,20240301T142414,1000.00,1.6022,34.7419
CTD_P,20240301T142415,999.94
CTD_P,20240301T152419,997.86
CTD_PTS,20240301T152442,997.88,1.6175,34.7421
CTD_P,20240301T152443,997.85
CTD_P,20240301T162447,996.63
CTD_PTS,20240301T162510,996.74,1.6099,34.7423
CTD_P,20240301T162511,996.70
CTD_P,20240301T172515,997.28
CTD_PTS,20240301T172538,997.32,1.6103,34.7420
CTD_P,20240301T172539,997.26
CTD_P,20240301T182543,997.77
CTD_PTS,20240301T182606,997.79,1.6087,34.7421
CTD_P,20240301T182607,997.74
CTD_P,20240301T192611,998.56
CTD_PTS,20240301T192634,998.63,1.6013,34.7424
CTD_P,20240301T192635,998.58
CTD_P,20240301T202639,995.27
CTD_PTS,20240301T202702,995.28,1.6074,34.7415
CTD_P,20240301T202703,995.23
CTD_P,20240301T212707,997.34
CTD_PTS,20240301T212730,997.37,1.6034,34.7428
CTD_P,20240301T212731,997.32
CTD_P,20240301T222735,998.39
CTD_PTS,20240301T222758,998.42,1.5998,34.7421
CTD_P,20240301T222759,998.40
CTD_P,20240301T232803,995.90
CTD_PTS,20240301T232826,995.93,1.5977,34.7425
CTD_P,20240301T232827,995.90
CTD_P,20240302T002831,997.88
CTD_PTS,20240302T002854,997.96,1.5857,34.7431
CTD_P,20240302T002855,997.92
CTD_P,20240302T012859,997.96
CTD_PTS,20240302T012922,997.99,1.5955,34.7426
CTD_P,20240302T012923,997.98
CTD_P,20240302T022927,1005.60
CTD_PTS,20240302T022950,1005.66,1.6095,34.7423
CTD_P,20240302T022951,1005.61
CTD_P,20240302T032955,998.37
CTD_PTS,20240302T033018,998.43,1.6151,34.7407
CTD_P,20240302T033019,998.39
CTD_P,20240302T043023,998.66
CTD_PTS,20240302T043046,998.72,1.6151,34.7409
CTD_P,20240302T043047,998.65
CTD_P,20240302T053051,998.54
CTD_PTS,20240302T053114,998.63,1.6153,34.7414
CTD_P,20240302T053115,998.58
CTD_P,20240302T063119,1004.17
CTD_PTS,20240302T063142,1004.19,1.6354,34.7404
CTD_P,20240302T063143,1004.14
CTD_P,20240302T073147,988.90
CTD_PTS,20240302T073210,988.92,1.6219,34.7422
CTD_P,20240302T073211,988.84
CTD_P,20240302T083215,996.32
CTD_PTS,20240302T083238,996.52,1.5984,34.7422
CTD_P,20240302T083239,996.49
CTD_P,20240302T093243,999.67
CTD_PTS,20240302T093306,999.63,1.6151,34.7423
CTD_P,20240302T093307,999.57
CTD_P,20240302T103311,1000.52
CTD_PTS,20240302T103334,1000.63,1.6042,34.7407
CTD_P,20240302T103335,1000.57
CTD_P,20240302T113339,1001.39
CTD_PTS,20240302T113402,1001.29,1.6377,34.7407
CTD_P,20240302T113403,1001.23
CTD_P,20240302T123407,998.56
CTD_PTS,20240302T123430,998.63,1.6167,34.7417
CTD_P,20240302T123431,998.60
CTD_P,20240302T133435,996.37
CTD_PTS,20240302T133458,996.37,1.6158,34.7417
CTD_P,20240302T133459,996.34
CTD_P,20240302T143503,1000.72
CTD_PTS,20240302T143526,1000.86,1.5931,34.7415
CTD_P,20240302T143527,1000.81
CTD_P,20240302T153531,1002.71
CTD_PTS,20240302T153554,1002.69,1.6095,34.7394
CTD_P,20240302T153555,1002.62
CTD_P,20240302T163559,999.98
CTD_PTS,20240302T163622,1000.05,1.6089,34.7390
CTD_P,20240302T163623,999.99
CTD_P,20240302T173627,1000.58
CTD_PTS,20240302T173650,1000.54,1.6182,34.7392
CTD_P,20240302T173651,1000.47
CTD_P,20240302T183655,1000.98
CTD_PTS,20240302T183718,1001.02,1.6115,34.7403
CTD_P,20240302T183719,1000.97
CTD_P,20240302T193723,1002.09
CTD_PTS,20240302T193746,1002.15,1.6231,34.7380
CTD_P,20240302T193747,1002.12
CTD_P,20240302T203751,996.95
CTD_PTS,20240302T203814,996.90,1.6265,34.7370
CTD_P,20240302T203815,996.83
CTD_P,20240302T213819,1001.61
CTD_PTS,20240302T213842,1001.64,1.6082,34.7401
CTD_P,20240302T213843,1001.62
CTD_P,20240302T223847,1002.59
CTD_PTS,20240302T223910,1002.48,1.6545,34.7401
CTD_P,20240302T223911,1002.42
CTD_P,20240302T233915,994.63
CTD_PTS,20240302T233938,994.82,1.6236,34.7377
CTD_P,20240302T233939,994.77
CTD_P,20240303T003943,1000.46
CTD_PTS,20240303T004006,1000.48,1.6307,34.7404
CTD_P,20240303T004007,1000.43
CTD_P,20240303T014011,999.60
CTD_PTS,20240303T014034,999.65,1.6139,34.7360
CTD_P,20240303T014035,999.57
CTD_P,20240303T024039,1000.13
CTD_PTS,20240303T024102,1000.15,1.6162,34.7388
CTD_P,20240303T024103,1000.10
CTD_P,20240303T034107,1004.53
CTD_PTS,20240303T034130,1004.59,1.6374,34.7395
CTD_P,20240303T034131,1004.55
CTD_P,20240303T044135,995.41
CTD_PTS,20240303T044158,995.46,1.6446,34.7386
CTD_P,20240303T044159,995.41
CTD_P,20240303T054203,1000.31
CTD_PTS,20240303T054226,1000.41,1.6110,34.7393
CTD_P,20240303T054227,1000.36
CTD_P,20240303T064231,1007.85
CTD_PTS,20240303T064254,1007.89,1.6225,34.7375
CTD_P,20240303T064255,1007.82
CTD_P,20240303T074259,998.16
CTD_PTS,20240303T074322,998.14,1.6273,34.7372
CTD_P,20240303T074323,998.07
CTD_P,20240303T084327,1003.73
CTD_PTS,20240303T084350,1003.78,1.6112,34.7391
CTD_P,20240303T084351,1003.73
CTD_P,20240303T094355,1002.11
CTD_PTS,20240303T094418,1002.10,1.6378,34.7387
CTD_P,20240303T094419,1002.03
CTD_P,20240303T104423,1002.34
CTD_PTS,20240303T104446,1002.36,1.6567,34.7389
CTD_P,20240303T104447,1002.31
CTD_P,20240303T114451,1000.60
CTD_PTS,20240303T114514,1000.62,1.6616,34.7399
CTD_P,20240303T114515,1000.62
CTD_P,20240303T124519,999.98
CTD_PTS,20240303T124542,999.98,1.6576,34.7386
CTD_P,20240303T124543,999.90
CTD_P,20240303T134547,997.46
CTD_PTS,20240303T134610,997.53,1.6748,34.7380
CTD_P,20240303T134611,997.48
CTD_P,20240303T144615,1004.63
CTD_PTS,20240303T144638,1004.61,1.6559,34.7393
CTD_P,20240303T144639,1004.57
CTD_P,20240303T154643,993.31
CTD_PTS,20240303T154706,993.38,1.6357,34.7408
CTD_P,20240303T154707,993.35
CTD_P,20240303T164711,1005.10
CTD_PTS,20240303T164734,1005.15,1.6398,34.7390
CTD_P,20240303T164735,1005.10
CTD_P,20240303T174739,1000.17
CTD_PTS,20240303T174802,1000.21,1.6732,34.7381
CTD_P,20240303T174803,1000.15
CTD_P,20240303T184807,1000.81
CTD_PTS,20240303T184830,1000.81,1.6752,34.7381
CTD_P,20240303T184831,1000.75
CTD_P,20240303T194835,994.97
CTD_PTS,20240303T194858,994.95,1.6296,34.7381
CTD_P,20240303T194859,994.88
CTD_P,20240303T204903,1007.07
CTD_PTS,20240303T204926,1007.18,1.6360,34.7410
CTD_P,20240303T204927,1007.16
CTD_P,20240303T214931,997.92
CTD_PTS,20240303T214954,997.96,1.6370,34.7380
CTD_P,20240303T214955,997.91
CTD_P,20240303T224959,1004.95
CTD_PTS,20240303T225022,1005.04,1.6262,34.7380
CTD_P,20240303T225023,1004.98
CTD_P,20240303T235027,1002.89
CTD_PTS,20240303T235050,1002.84,1.6640,34.7400
CTD_P,20240303T235051,1002.77
CTD_P,20240304T005055,1000.85
CTD_PTS,20240304T005118,1000.83,1.6711,34.7396
CTD_P,20240304T005119,1000.78
CTD_P,20240304T015123,1003.85
CTD_PTS,20240304T015146,1003.98,1.6628,34.7393
CTD_P,20240304T015147,1003.92
CTD_P,20240304T025151,997.95
CTD_PTS,20240304T025214,997.85,1.6914,34.7377
CTD_P,20240304T025215,997.81
CTD_P,20240304T035219,1004.08
CTD_PTS,20240304T035242,1004.16,1.6680,34.7395
CTD_P,20240304T035243,1004.11
CTD_P,20240304T045247,1000.87
CTD_PTS,20240304T045310,1000.90,1.7046,34.7380
CTD_P,20240304T045311,1000.83
CTD_P,20240304T055315,989.10
CTD_PTS,20240304T055338,989.26,1.6786,34.7394
CTD_P,20240304T055339,989.23
CTD_P,20240304T065343,999.81
CTD_PTS,20240304T065406,999.90,1.6305,34.7398
CTD_P,20240304T065407,999.89
CTD_P,20240304T075411,1002.01
CTD_PTS,20240304T075434,1001.97,1.6692,34.7392
CTD_P,20240304T075435,1001.90
CTD_P,20240304T085439,1001.65
CTD_PTS,20240304T085502,1001.70,1.6647,34.7395
CTD_P,20240304T085503,1001.63
CTD_P,20240304T095507,996.02
CTD_PTS,20240304T095530,996.15,1.6451,34.7400
CTD_P,20240304T095531,996.11
CTD_P,20240304T105535,997.15
CTD_PTS,20240304T105558,997.11,1.6452,34.7399
CTD_P,20240304T105559,997.07
CTD_P,20240304T115603,1003.29
CTD_PTS,20240304T115626,1003.31,1.6428,34.7399
CTD_P,20240304T115627,1003.26
CTD_P,20240304T125631,999.66
CTD_PTS,20240304T125654,999.67,1.6618,34.7386
CTD_P,20240304T125655,999.62
CTD_P,20240304T135659,1004.34
CTD_PTS,20240304T135722,1004.47,1.6280,34.7395
CTD_P,20240304T135723,1004.43
CTD_P,20240304T145727,1001.22
CTD_PTS,20240304T145750,1001.31,1.6704,34.7400
CTD_P,20240304T145751,1001.28
CTD_P,20240304T155755,1000.65
CTD_PTS,20240304T155818,1000.63,1.6752,34.7387
CTD_P,20240304T155819,1000.58
CTD_P,20240304T165823,1002.71
CTD_PTS,20240304T165846,1002.80,1.6709,34.7398
CTD_P,20240304T165847,1002.74
CTD_P,20240304T175811,1001.07
CTD_PTS,20240304T175834,1001.07,1.6785,34.7386
CTD_P,20240304T175835,1001.01
Message,20240304T175841,Deep Descent Mission******************
CTD_P,20240304T175843,1001.00
CTD_P,20240304T175845,1001.00
CTD_P,20240304T180830,1069.30
CTD_P,20240304T180831,1069.49
CTD_P,20240304T181335,1112.10
CTD_P,20240304T181336,1112.27
CTD_P,20240304T181840,1153.07
CTD_P,20240304T181841,1153.25
CTD_P,20240304T182345,1194.40
CTD_P,20240304T182346,1194.56
CTD_P,20240304T182850,1235.32
CTD_P,20240304T182851,1235.48
CTD_P,20240304T183355,1276.64
CTD_P,20240304T183356,1276.84
CTD_P,20240304T183900,1318.45
CTD_P,20240304T183901,1318.63
CTD_P,20240304T184405,1358.70
CTD_P,20240304T184406,1358.87
CTD_P,20240304T184910,1397.15
CTD_P,20240304T184911,1397.27
CTD_P,20240304T185415,1432.80
CTD_P,20240304T185416,1432.95
CTD_P,20240304T185920,1465.49
CTD_P,20240304T185921,1465.61
CTD_P,20240304T190425,1497.96
CTD_P,20240304T190426,1498.11
CTD_P,20240304T190930,1530.00
CTD_P,20240304T190931,1530.13
CTD_P,20240304T191435,1561.78
CTD_P,20240304T191436,1561.94
CTD_P,20240304T191940,1592.90
CTD_P,20240304T191941,1593.00
CTD_P,20240304T192445,1624.16
CTD_P,20240304T192446,1624.32
CTD_P,20240304T192950,1655.68
CTD_P,20240304T192951,1655.82
CTD_P,20240304T193455,1686.94
CTD_P,20240304T193456,1687.06
CTD_P,20240304T194000,1714.69
CTD_P,20240304T194001,1714.80
CTD_P,20240304T194505,1743.16
CTD_P,20240304T194506,1743.25
CTD_P,20240304T195010,1771.10
CTD_P,20240304T195011,1771.21
CTD_P,20240304T195515,1797.83
CTD_P,20240304T195516,1797.92
CTD_P,20240304T200020,1822.51
CTD_P,20240304T200021,1822.61
CTD_P,20240304T200525,1845.68
CTD_P,20240304T200526,1845.78
CTD_P,20240304T201030,1867.61
CTD_P,20240304T201031,1867.70
CTD_P,20240304T201535,1888.14
CTD_P,20240304T201536,1888.21
CTD_P,20240304T202040,1907.36
CTD_P,20240304T202041,1907.44
CTD_P,20240304T202545,1925.20
CTD_P,20240304T202546,1925.29
CTD_P,20240304T203050,1942.61
CTD_P,20240304T203051,1942.68
CTD_P,20240304T203555,1957.86
CTD_P,20240304T203556,1957.93
CTD_P,20240304T204100,1973.80
CTD_P,20240304T204101,1973.86
CTD_P,20240304T204605,1990.11
CTD_P,20240304T204606,1990.15
CTD_P,20240304T205110,2004.27
CTD_P,20240304T205111,2004.32
Message,20240304T205116,Profiling Mission*************
CTD_P,20240304T205335,2002.87
CTD_P,20240304T205337,2002.78
CTD_P,20240304T205841,1979.28
CTD_PTS,20240304T205904,1977.63,0.9087,34.7121
FLBB,20240304T205907,470,53,700,99,572
O2,20240304T205910,224.85519,50.51416,0.90765,41.06375,43.55875,50.80051,7.24176,970.97888,738.24438,837.83472
CTD_P,20240304T205911,1976.85
CTD_P,20240304T205913,1976.73
Message,20240304T205915,CP Started
CTD_P,20240304T210443,1948.52
CTD_P,20240304T210445,1948.39
CTD_P,20240304T210949,1925.76
CTD_P,20240304T210951,1925.79
CTD_P,20240304T211419,1907.18
CTD_P,20240304T211421,1906.96
CTD_P,20240304T211605,1899.88
CTD_PTS,20240304T211607,1899.70,1.0041,34.7178
FLBB,20240304T211611,470,52,700,103,572
O2,20240304T211614,224.45959,50.55550,1.00040,41.03254,43.52753,50.78793,7.26040,970.53699,737.70319,835.27197
CTD_P,20240304T211616,1899.25
CTD_P,20240304T212204,1869.25
CTD_P,20240304T212207,1869.13
CTD_P,20240304T212710,1842.27
CTD_P,20240304T212712,1841.95
CTD_P,20240304T213216,1816.23
CTD_P,20240304T213218,1815.89
CTD_P,20240304T213514,1801.06
CTD_P,20240304T213516,1801.06
CTD_P,20240304T213531,1799.74
CTD_PTS,20240304T213533,1799.43,1.0806,34.7233
FLBB,20240304T213537,470,52,700,101,571
O2,20240304T213540,224.44569,50.66297,1.07908,40.98902,43.48402,50.75153,7.26751,970.01538,737.30182,833.09528
CTD_P,20240304T213541,1798.92
CTD_P,20240304T214045,1773.19
CTD_P,20240304T214047,1772.95
CTD_P,20240304T214551,1747.47
CTD_P,20240304T214553,1747.26
CTD_P,20240304T215057,1722.32
CTD_P,20240304T215059,1722.13
CTD_P,20240304T215506,1702.12
CTD_P,20240304T215508,1701.85
CTD_P,20240304T215537,1699.65
CTD_PTS,20240304T215539,1699.61,1.1247,34.7249
FLBB,20240304T215543,470,53,700,102,571
O2,20240304T215546,224.71660,50.78397,1.12158,40.95074,43.44574,50.71515,7.26941,969.80060,737.24072,831.91882
CTD_P,20240304T215547,1698.83
CTD_P,20240304T220051,1676.47
CTD_P,20240304T220053,1676.20
CTD_P,20240304T220557,1657.89
CTD_P,20240304T220559,1657.63
CTD_P,20240304T221103,1639.61
CTD_P,20240304T221105,1639.42
CTD_P,20240304T221610,1617.47
CTD_P,20240304T221612,1617.43
CTD_P,20240304T222017,1600.60
CTD_P,20240304T222019,1600.56
CTD_P,20240304T222030,1599.81
CTD_PTS,20240304T222032,1599.59,1.1858,34.7280
FLBB,20240304T222036,470,52,700,103,571
O2,20240304T222039,224.52811,50.82920,1.18400,40.92565,43.42065,50.69414,7.27349,969.88867,737.04718,830.18939
CTD_P,20240304T222040,1599.16
CTD_P,20240304T222628,1569.02
CTD_P,20240304T222630,1568.99
CTD_P,20240304T223134,1543.02
CTD_P,20240304T223136,1543.07
CTD_P,20240304T223640,1518.60
CTD_P,20240304T223642,1518.35
CTD_P,20240304T224003,1503.16
CTD_P,20240304T224005,1502.99
CTD_P,20240304T224049,1499.72
CTD_PTS,20240304T224051,1499.71,1.2519,34.7309
FLBB,20240304T224055,470,52,700,100,571
O2,20240304T224058,223.86571,50.76970,1.24840,40.92466,43.41966,50.69617,7.27650,970.46289,736.74652,828.40369
CTD_P,20240304T224059,1499.10
CTD_P,20240304T224647,1466.30
CTD_P,20240304T224649,1466.01
CTD_P,20240304T225153,1438.84
CTD_P,20240304T225155,1438.77
CTD_P,20240304T225659,1413.76
CTD_P,20240304T225701,1413.53
CTD_P,20240304T225858,1404.12
CTD_P,20240304T225900,1404.07
CTD_P,20240304T225953,1399.80
CTD_PTS,20240304T225955,1399.54,1.3071,34.7332
FLBB,20240304T225959,470,53,700,102,571
O2,20240304T230002,223.73180,50.81458,1.30201,40.90167,43.39667,50.67519,7.27852,970.59418,736.58252,826.91608
CTD_P,20240304T230003,1399.10
CTD_P,20240304T230507,1377.05
CTD_P,20240304T230509,1377.06
CTD_P,20240304T231012,1356.77
CTD_P,20240304T231014,1356.68
CTD_P,20240304T231158,1348.68
CTD_PTS,20240304T231200,1348.40,1.3553,34.7358
FLBB,20240304T231205,470,53,700,102,571
O2,20240304T231208,223.65311,50.86634,1.35162,40.87800,43.37300,50.65118,7.27818,970.35510,736.35559,825.53882
CTD_P,20240304T231209,1347.78
CTD_P,20240304T231713,1323.20
CTD_P,20240304T231715,1323.17
CTD_P,20240304T232204,1300.30
CTD_P,20240304T232206,1300.16
CTD_P,20240304T232212,1299.44
CTD_PTS,20240304T232214,1299.43,1.3963,34.7373
FLBB,20240304T232218,470,52,700,112,571
O2,20240304T232221,223.62390,50.91184,1.38874,40.85870,43.35370,50.63248,7.27878,970.21997,736.14172,824.50732
CTD_P,20240304T232222,1298.68
CTD_P,20240304T232726,1276.65
CTD_P,20240304T232728,1276.55
CTD_P,20240304T233245,1249.00
CTD_PTS,20240304T233247,1248.80,1.4211,34.7367
FLBB,20240304T233251,470,52,700,105,571
O2,20240304T233254,223.21710,50.85367,1.41329,40.86663,43.36163,50.64099,7.27936,970.82629,735.99158,823.82501
CTD_P,20240304T233255,1248.14
CTD_P,20240304T233759,1221.89
CTD_P,20240304T233801,1221.65
CTD_P,20240304T234215,1200.29
CTD_P,20240304T234217,1199.97
CTD_P,20240304T234223,1199.53
CTD_PTS,20240304T234225,1199.50,1.4698,34.7375
FLBB,20240304T234229,470,53,700,107,571
O2,20240304T234232,222.54500,50.76717,1.46095,40.87584,43.37084,50.65112,7.28028,971.41913,735.78198,822.49969
CTD_P,20240304T234233,1198.64
CTD_P,20240304T234737,1174.56
CTD_P,20240304T234739,1174.43
CTD_P,20240304T235215,1154.70
CTD_P,20240304T235217,1154.67
CTD_P,20240304T235325,1149.92
CTD_PTS,20240304T235327,1149.92,1.5084,34.7387
FLBB,20240304T235331,470,51,700,115,571
O2,20240304T235334,222.21010,50.74473,1.49956,40.87214,43.36713,50.64816,7.28103,971.57892,735.60828,821.42548
CTD_P,20240304T235335,1149.17
CTD_P,20240304T235919,1121.15
CTD_P,20240304T235921,1120.92
CTD_P,20240305T000344,1098.95
CTD_PTS,20240305T000346,1098.73,1.5423,34.7396
FLBB,20240305T000350,470,50,700,103,571
O2,20240305T000353,222.00800,50.74585,1.53342,40.86399,43.35899,50.63985,7.28086,971.84363,735.43298,820.48279
CTD_P,20240305T000354,1098.00
CTD_P,20240305T000858,1074.47
CTD_P,20240305T000900,1074.26
CTD_P,20240305T001333,1054.15
CTD_P,20240305T001335,1054.13
CTD_P,20240305T001434,1049.79
CTD_PTS,20240305T001436,1049.81,1.5814,34.7393
FLBB,20240305T001440,470,52,700,104,571
O2,20240305T001443,221.18800,50.61350,1.57301,40.88590,43.38090,50.66359,7.28269,972.61249,735.22668,819.38031
CTD_P,20240305T001444,1049.10
CTD_P,20240305T002029,1019.94
CTD_P,20240305T002031,1019.74
CTD_P,20240305T002431,999.80
CTD_PTS,20240305T002433,999.73,1.6431,34.7393
FLBB,20240305T002437,470,51,700,104,570
O2,20240305T002440,219.79680,50.37590,1.63136,40.92838,43.42338,50.70718,7.28381,974.05267,734.95679,817.75421
CTD_P,20240305T002441,999.07
CTD_P,20240305T002945,975.31
CTD_P,20240305T002947,975.02
CTD_P,20240305T003434,953.49
CTD_P,20240305T003436,953.42
CTD_P,20240305T003525,949.99
CTD_PTS,20240305T003527,949.94,1.6918,34.7381
FLBB,20240305T003531,470,51,700,108,570
O2,20240305T003534,218.74150,50.20216,1.68084,40.95798,43.45298,50.73640,7.28342,975.23492,734.65088,816.37451
CTD_P,20240305T003535,949.17
CTD_P,20240305T004120,920.72
CTD_P,20240305T004122,920.54
CTD_P,20240305T004536,900.22
CTD_P,20240305T004538,899.94
CTD_P,20240305T004544,899.74
CTD_PTS,20240305T004546,899.47,1.7275,34.7373
FLBB,20240305T004549,470,51,700,106,570
O2,20240305T004553,217.89590,50.05685,1.71637,40.98420,43.47919,50.76588,7.28669,976.34741,734.51398,815.38318
CTD_P,20240305T004554,898.81
CTD_P,20240305T005058,873.70
CTD_P,20240305T005100,873.35
CTD_P,20240305T005550,850.32
CTD_P,20240305T005552,850.24
CTD_P,20240305T005558,849.97
CTD_PTS,20240305T005600,849.67,1.7556,34.7334
FLBB,20240305T005603,470,51,700,112,570
O2,20240305T005607,215.91240,49.63931,1.74439,41.07721,43.57220,50.85767,7.28546,979.05518,734.43420,814.60101
CTD_P,20240305T005608,849.08
CTD_P,20240305T010112,825.61
CTD_P,20240305T010114,825.35
CTD_P,20240305T010618,801.35
CTD_P,20240305T010620,801.29
CTD_P,20240305T010627,800.69
CTD_P,20240305T010629,800.46
CTD_P,20240305T010715,796.66
CTD_PTS,20240305T010717,796.59,1.7804,34.7323
FLBB,20240305T010720,470,51,700,108,570
O2,20240305T010724,215.21629,49.51123,1.76795,41.10239,43.59739,50.88326,7.28587,980.16803,734.34210,813.94312
CTD_P,20240305T010725,795.55
CTD_P,20240305T011229,767.24
CTD_P,20240305T011231,767.19
CTD_P,20240305T011539,750.85
CTD_P,20240305T011541,750.77
CTD_P,20240305T011553,749.73
CTD_PTS,20240305T011555,749.49,1.8223,34.7296
FLBB,20240305T011558,470,50,700,109,570
O2,20240305T011602,213.68860,49.21870,1.81170,41.16249,43.65749,50.94609,7.28861,982.06671,734.11432,812.72101
CTD_P,20240305T011603,748.78
CTD_P,20240305T012107,723.89
CTD_P,20240305T012109,723.69
CTD_P,20240305T012534,703.85
CTD_P,20240305T012536,703.71
CTD_P,20240305T012630,699.89
CTD_PTS,20240305T012632,699.82,1.8606,34.7326
FLBB,20240305T012635,470,52,700,109,570
O2,20240305T012639,212.83090,49.07961,1.85524,41.18589,43.68089,50.97194,7.29105,982.97760,733.85980,811.50391
CTD_P,20240305T012640,699.38
CTD_P,20240305T013144,678.53
CTD_P,20240305T013146,678.28
CTD_P,20240305T013729,648.01
CTD_PTS,20240305T013731,647.74,1.8752,34.7243
FLBB,20240305T013734,470,53,700,112,570
O2,20240305T013738,210.04041,48.45895,1.87250,41.33243,43.82743,51.11963,7.29220,987.28717,733.99640,811.02118
CTD_P,20240305T013739,647.35
CTD_P,20240305T013745,646.58
CTD_P,20240305T013747,646.53
CTD_P,20240305T014251,619.04
CTD_P,20240305T014253,618.85
CTD_P,20240305T014627,601.56
CTD_P,20240305T014629,601.46
CTD_P,20240305T014651,599.63
CTD_PTS,20240305T014653,599.43,1.9172,34.7146
FLBB,20240305T014656,470,52,700,112,570
O2,20240305T014700,209.14830,48.29379,1.90331,41.36560,43.86060,51.15260,7.29201,988.35797,733.97247,810.15973
CTD_P,20240305T014701,599.10
CTD_P,20240305T015205,576.33
CTD_P,20240305T015207,576.29
CTD_P,20240305T015709,554.89
CTD_P,20240305T015711,554.68
CTD_P,20240305T015823,549.28
CTD_PTS,20240305T015825,549.10,2.0843,34.7287
FLBB,20240305T015828,470,52,700,109,570
O2,20240305T015832,213.76801,49.58793,2.07179,41.01321,43.50821,50.80441,7.29620,979.29352,732.45618,805.44110
CTD_P,20240305T015833,548.84
CTD_P,20240305T020417,517.58
CTD_P,20240305T020419,517.36
CTD_P,20240305T020738,500.49
CTD_P,20240305T020740,500.36
CTD_P,20240305T020748,499.86
CTD_PTS,20240305T020750,499.60,1.9793,34.7056
FLBB,20240305T020753,470,53,700,116,570
O2,20240305T020757,208.77000,48.27697,1.95683,41.35727,43.85226,51.14421,7.29195,988.84662,733.74738,808.66180
CTD_P,20240305T020758,499.10
CTD_P,20240305T021302,474.07
CTD_P,20240305T021304,474.03
CTD_P,20240305T021739,451.81
CTD_P,20240305T021741,451.60
CTD_P,20240305T021806,449.44
CTD_PTS,20240305T021808,449.39,1.8899,34.6793
FLBB,20240305T021811,470,52,700,113,570
O2,20240305T021815,205.65530,47.45692,1.87995,41.57696,44.07196,51.36266,7.29070,994.99750,734.52008,810.81293
CTD_P,20240305T021816,448.78
CTD_P,20240305T022320,426.28
CTD_P,20240305T022322,426.11
CTD_P,20240305T022826,404.92
CTD_P,20240305T022828,404.71
CTD_P,20240305T022941,399.68
CTD_PTS,20240305T022943,399.50,1.8873,34.6687
FLBB,20240305T022946,470,52,700,114,570
O2,20240305T022949,204.71091,47.23545,1.87719,41.63258,44.12758,51.42027,7.29269,996.75049,734.78448,810.89032
CTD_P,20240305T022951,399.16
CTD_P,20240305T023427,375.43
CTD_PTS,20240305T023429,375.20,1.8809,34.6605
FLBB,20240305T023432,470,54,700,113,570
O2,20240305T023435,204.60150,47.20414,1.87250,41.64145,44.13644,51.42801,7.29156,997.09027,734.89661,811.02142
CTD_P,20240305T023437,374.75
CTD_P,20240305T023733,359.58
CTD_PTS,20240305T023735,359.48,1.9240,34.6570
FLBB,20240305T023738,470,53,700,117,570
O2,20240305T023741,204.33369,47.19326,1.91198,41.63501,44.13000,51.42000,7.28999,997.10608,734.59082,809.91699
CTD_P,20240305T023743,358.70
CTD_P,20240305T024127,341.19
CTD_P,20240305T024129,340.95
CTD_P,20240305T024147,339.63
CTD_PTS,20240305T024149,339.53,1.8809,34.6490
FLBB,20240305T024152,470,53,700,119,570
O2,20240305T024155,204.39410,47.16324,1.87790,41.65037,44.14537,51.43625,7.29088,997.63300,734.67181,810.87042
CTD_P,20240305T024157,339.11
CTD_P,20240305T024601,326.77
CTD_P,20240305T024603,326.61
CTD_P,20240305T024814,316.68
CTD_PTS,20240305T024816,316.41,1.9968,34.6437
FLBB,20240305T024819,470,54,700,116,570
O2,20240305T024822,202.43300,46.84918,1.98626,41.70364,44.19864,51.49107,7.29244,999.11188,734.30988,807.83759
CTD_P,20240305T024824,315.70
CTD_P,20240305T025158,298.50
CTD_PTS,20240305T025200,298.44,2.0623,34.6407
FLBB,20240305T025203,470,53,700,112,570
O2,20240305T025206,203.08369,47.07658,2.04614,41.63295,44.12794,51.42329,7.29535,997.24219,733.34003,806.15997
CTD_P,20240305T025208,297.55
CTD_P,20240305T025550,281.44
CTD_P,20240305T025552,281.38
CTD_P,20240305T025614,279.94
CTD_PTS,20240305T025616,279.85,2.2434,34.6426
FLBB,20240305T025619,470,51,700,114,570
O2,20240305T025622,202.53760,47.16788,2.21629,41.57068,44.06568,51.36552,7.29984,995.67719,732.45721,801.38593
CTD_P,20240305T025624,279.39
CTD_P,20240305T030050,261.89
CTD_P,20240305T030052,261.84
CTD_P,20240305T030138,258.59
CTD_PTS,20240305T030140,258.36,2.2955,34.6332
FLBB,20240305T030143,470,53,700,112,570
O2,20240305T030146,201.42610,46.99282,2.28200,41.59909,44.09409,51.39734,7.30325,996.48163,731.59918,799.53943
CTD_P,20240305T030148,257.75
CTD_P,20240305T030628,234.41
CTD_PTS,20240305T030630,234.33,2.3376,34.6152
FLBB,20240305T030633,470,52,700,115,569
O2,20240305T030636,200.44270,46.80175,2.31222,41.63988,44.13488,51.43770,7.30282,997.82489,731.83929,798.68970
CTD_P,20240305T030638,233.70
CTD_P,20240305T030930,219.85
CTD_PTS,20240305T030932,219.74,2.3078,34.5976
FLBB,20240305T030935,470,52,700,114,569
O2,20240305T030938,201.12151,46.93863,2.29525,41.60955,44.10455,51.40829,7.30374,997.15558,731.58002,799.16687
CTD_P,20240305T030940,218.94
CTD_P,20240305T031343,200.36
CTD_P,20240305T031345,200.30
CTD_P,20240305T031352,199.96
CTD_PTS,20240305T031354,199.69,2.3535,34.5735
FLBB,20240305T031357,470,54,700,129,569
O2,20240305T031400,201.41260,47.06483,2.34094,41.56740,44.06240,51.36667,7.30427,996.42828,731.84119,797.88190
CTD_P,20240305T031402,199.05
CTD_P,20240305T031606,189.32
CTD_PTS,20240305T031608,189.18,2.2020,34.5418
FLBB,20240305T031611,470,52,700,125,569
O2,20240305T031614,202.98380,47.25956,2.20675,41.55008,44.04508,51.34871,7.30363,996.23431,732.15552,801.65399
CTD_P,20240305T031616,188.26
CTD_P,20240305T031811,179.77
CTD_PTS,20240305T031813,179.69,2.1030,34.5153
FLBB,20240305T031816,470,53,700,118,569
O2,20240305T031820,206.08510,47.84028,2.09830,41.43155,43.92655,51.22467,7.29812,993.59613,733.45837,804.69769
CTD_P,20240305T031821,179.14
CTD_P,20240305T032023,170.85
CTD_P,20240305T032025,170.62
CTD_P,20240305T032109,167.58
CTD_PTS,20240305T032111,167.37,1.9791,34.4808
FLBB,20240305T032114,470,56,700,130,569
O2,20240305T032117,211.15871,48.85517,1.97620,41.21202,43.70702,51.00293,7.29591,988.33441,734.84113,808.11951
CTD_P,20240305T032119,166.87
CTD_P,20240305T032306,158.17
CTD_PTS,20240305T032308,157.93,1.8271,34.4405
FLBB,20240305T032311,470,53,700,120,569
O2,20240305T032314,219.18750,50.50809,1.82821,40.85128,43.34628,50.63716,7.29088,979.20178,736.02960,812.25958
CTD_P,20240305T032316,157.40
CTD_P,20240305T032456,148.78
CTD_PTS,20240305T032458,148.68,1.4096,34.3598
FLBB,20240305T032501,470,58,700,121,570
O2,20240305T032504,234.11169,53.37762,1.44181,40.27950,42.77450,50.06009,7.28559,964.68591,738.48682,823.03192
CTD_P,20240305T032506,148.23
CTD_P,20240305T032643,139.79
CTD_PTS,20240305T032645,139.67,1.1258,34.2964
FLBB,20240305T032648,470,63,700,124,570
O2,20240305T032651,258.51590,58.43927,1.13206,39.25314,41.74814,49.03052,7.28238,937.51422,741.96118,831.62848
CTD_P,20240305T032653,138.82
CTD_P,20240305T032844,129.85
CTD_PTS,20240305T032846,129.62,0.8064,34.2167
FLBB,20240305T032850,470,71,700,137,570
O2,20240305T032854,281.50189,63.17708,0.87195,38.35742,40.85242,48.12846,7.27605,913.81268,744.88849,838.82031
CTD_P,20240305T032855,129.13
CTD_P,20240305T033048,121.04
CTD_P,20240305T033050,120.97
CTD_P,20240305T033107,119.79
CTD_PTS,20240305T033109,119.60,0.8809,34.1035
FLBB,20240305T033112,470,94,700,148,571
O2,20240305T033115,315.53500,70.81226,0.87051,36.94481,39.43980,46.71434,7.27454,874.69299,746.35413,838.86011
CTD_P,20240305T033117,119.29
CTD_P,20240305T033329,110.71
CTD_P,20240305T033331,110.56
CTD_P,20240305T033413,107.66
CTD_PTS,20240305T033415,107.68,1.1918,34.0121
FLBB,20240305T033418,470,117,700,178,571
O2,20240305T033421,335.74969,75.97934,1.17047,35.99856,38.49356,45.76845,7.27489,847.79700,744.59760,830.56439
CTD_P,20240305T033423,106.93
CTD_P,20240305T033617,97.95
CTD_PTS,20240305T033619,97.67,1.2650,33.9953
FLBB,20240305T033622,470,124,700,180,571
O2,20240305T033625,350.56351,79.52543,1.25861,35.41021,37.90520,45.18098,7.27578,830.81427,743.32410,828.12048
CTD_P,20240305T033627,96.90
CTD_P,20240305T033806,88.08
CTD_PTS,20240305T033808,87.93,1.3971,33.9773
FLBB,20240305T033811,470,132,700,166,571
O2,20240305T033814,355.04480,80.80624,1.37715,35.18392,37.67892,44.95358,7.27467,824.46887,742.67542,824.82928
CTD_P,20240305T033816,87.49
CTD_P,20240305T033940,80.43
CTD_P,20240305T033942,80.36
CTD_P,20240305T033950,79.78
CTD_PTS,20240305T033952,79.60,2.2314,33.8419
FLBB,20240305T033955,470,139,700,160,571
O2,20240305T033958,354.90811,82.48161,2.14012,34.75195,37.24695,44.52435,7.27740,811.93951,739.89191,803.52448
CTD_P,20240305T034000,79.38
CTD_P,20240305T034155,72.47
CTD_P,20240305T034157,72.34
CTD_P,20240305T034241,69.63
CTD_PTS,20240305T034243,69.61,2.4769,33.8447
FLBB,20240305T034246,470,169,700,203,571
O2,20240305T034249,369.42319,86.59776,2.45768,34.07492,36.56992,43.86899,7.29907,791.58569,732.81982,794.59479
CTD_P,20240305T034251,68.97
CTD_P,20240305T034529,58.62
CTD_PTS,20240305T034531,58.42,2.4859,33.8425
FLBB,20240305T034534,470,164,700,211,570
O2,20240305T034537,373.46078,87.57928,2.47248,33.93216,36.42715,43.73370,7.30655,787.68652,732.27429,794.17798
CTD_P,20240305T034539,57.85
CTD_P,20240305T034747,48.36
CTD_PTS,20240305T034749,48.27,2.5362,33.8460
FLBB,20240305T034752,470,154,700,220,570
O2,20240305T034755,374.66299,87.97272,2.51939,33.86596,36.36095,43.66901,7.30805,785.94788,731.96393,792.85553
CTD_P,20240305T034757,47.37
CTD_P,20240305T034837,44.47
CTD_PTS,20240305T034839,44.31,2.5255,33.8479
FLBB,20240305T034842,470,152,700,198,570
O2,20240305T034845,375.09201,88.06601,2.51628,33.85357,36.34857,43.65689,7.30832,785.67657,731.86328,792.94342
CTD_P,20240305T034847,43.38
CTD_P,20240305T034942,39.58
CTD_PTS,20240305T034944,39.31,2.5207,33.8478
FLBB,20240305T034947,470,150,700,201,570
O2,20240305T034950,375.55029,88.16029,2.51068,33.84165,36.33665,43.64555,7.30891,785.60211,731.92670,793.10107
CTD_P,20240305T034952,38.60
CTD_P,20240305T035042,35.03
CTD_P,20240305T035044,34.83
CTD_P,20240305T035050,34.11
CTD_PTS,20240305T035052,33.94,2.5267,33.8475
FLBB,20240305T035055,470,141,700,207,569
O2,20240305T035058,375.83389,88.23384,2.51360,33.83068,36.32568,43.63451,7.30883,785.46582,732.08569,793.01880
CTD_P,20240305T035100,33.62
CTD_P,20240305T035150,28.95
CTD_PTS,20240305T035152,28.76,2.5228,33.8503
FLBB,20240305T035155,470,136,700,194,569
O2,20240305T035158,376.04910,88.28336,2.51319,33.82384,36.31884,43.62782,7.30898,785.40527,732.18683,793.03052
CTD_P,20240305T035200,28.29
CTD_P,20240305T035248,23.72
CTD_PTS,20240305T035250,23.66,2.5403,33.8488
FLBB,20240305T035253,470,122,700,183,569
O2,20240305T035256,376.18439,88.34834,2.52711,33.81154,36.30654,43.61554,7.30900,785.24902,732.25940,792.63782
CTD_P,20240305T035258,22.90
CTD_P,20240305T035334,19.73
CTD_PTS,20240305T035336,19.43,2.5397,33.8484
FLBB,20240305T035340,470,114,700,192,569
O2,20240305T035343,376.27719,88.38082,2.53158,33.80598,36.30098,43.60902,7.30804,785.21973,732.35852,792.51178
CTD_P,20240305T035345,18.62
CTD_P,20240305T035430,14.44
CTD_PTS,20240305T035432,14.24,2.5350,33.8438
FLBB,20240305T035435,470,95,700,197,569
O2,20240305T035438,376.67041,88.45504,2.52399,33.79736,36.29236,43.60077,7.30841,785.24432,732.47241,792.72589
CTD_P,20240305T035440,13.19
CTD_P,20240305T035523,8.86
CTD_PTS,20240305T035525,8.66,2.5393,33.8494
FLBB,20240305T035528,470,89,700,192,569
O2,20240305T035531,376.66830,88.47474,2.53243,33.79267,36.28767,43.59601,7.30834,785.31049,732.60791,792.48779
CTD_P,20240305T035533,8.07
CTD_P,20240305T035549,6.18
CTD_P,20240305T035551,6.04
CTD_P,20240305T035605,4.36
CTD_P,20240305T035607,3.96
Message,20240305T035607,CP Stopped
Message,20240305T035622,CP Already Stopped
CTD_bins,20240305T035909,24990,989,1976.330
CTD_CP,20240305T035914,4.48,2.5325,33.8480,8
CTD_CP,20240305T035914,6.05,2.5355,33.8478,19
CTD_CP,20240305T035914,8.10,2.5388,33.8478,19
CTD_CP,20240305T035914,10.12,2.5413,33.8481,20
CTD_CP,20240305T035914,12.14,2.5355,33.8474,18
CTD_CP,20240305T035914,14.07,2.5342,33.8480,22
CTD_CP,20240305T035914,16.16,2.5398,33.8479,20
CTD_CP,20240305T035914,18.14,2.5407,33.8480,22
CTD_CP,20240305T035914,20.12,2.5413,33.8478,21
CTD_CP,20240305T035914,22.05,2.5391,33.8478,21
CTD_CP,20240305T035914,24.07,2.5321,33.8475,25
CTD_CP,20240305T035914,26.07,2.5257,33.8473,22
CTD_CP,20240305T035914,28.13,2.5250,33.8471,21
CTD_CP,20240305T035914,30.15,2.5228,33.8471,20
CTD_CP,20240305T035914,32.11,2.5267,33.8474,24
CTD_CP,20240305T035914,33.96,2.5246,33.8471,23
CTD_CP,20240305T035914,35.97,2.5235,33.8473,30
CTD_CP,20240305T035914,38.09,2.5210,33.8473,26
CTD_CP,20240305T035915,40.10,2.5216,33.8470,28
CTD_CP,20240305T035915,42.01,2.5261,33.8477,23
CTD_CP,20240305T035915,43.96,2.5287,33.8470,28
CTD_CP,20240305T035915,46.01,2.5310,33.8474,23
CTD_CP,20240305T035915,47.95,2.5371,33.8473,27
CTD_CP,20240305T035915,49.96,2.5198,33.8471,21
CTD_CP,20240305T035915,51.99,2.5166,33.8470,28
CTD_CP,20240305T035915,54.01,2.5184,33.8457,23
CTD_CP,20240305T035915,56.06,2.5001,33.8479,32
CTD_CP,20240305T035915,57.99,2.4869,33.8451,29
CTD_CP,20240305T035915,59.89,2.4818,33.8452,33
CTD_CP,20240305T035915,61.94,2.4797,33.8450,31
CTD_CP,20240305T035915,64.12,2.4822,33.8454,32
CTD_CP,20240305T035915,65.99,2.4780,33.8451,25
CTD_CP,20240305T035915,67.92,2.4770,33.8452,33
CTD_CP,20240305T035915,70.04,2.4767,33.8450,30
CTD_CP,20240305T035915,71.92,2.4778,33.8452,30
CTD_CP,20240305T035915,73.90,2.4809,33.8454,33
CTD_CP,20240305T035915,75.98,2.4768,33.8455,37
CTD_CP,20240305T035916,78.01,2.4377,33.8482,37
CTD_CP,20240305T035916,79.92,2.1013,33.8902,28
CTD_CP,20240305T035916,81.95,1.6404,33.9474,28
CTD_CP,20240305T035916,84.09,1.4686,33.9713,25
CTD_CP,20240305T035916,86.08,1.4335,33.9741,23
CTD_CP,20240305T035916,88.06,1.4008,33.9776,22
CTD_CP,20240305T035916,90.02,1.3479,33.9859,24
CTD_CP,20240305T035916,92.04,1.2989,33.9904,22
CTD_CP,20240305T035916,93.99,1.2824,33.9913,21
CTD_CP,20240305T035916,96.03,1.2682,33.9936,26
CTD_CP,20240305T035916,98.02,1.2634,33.9965,21
CTD_CP,20240305T035916,100.00,1.2618,33.9977,25
CTD_CP,20240305T035916,102.03,1.2696,33.9953,26
CTD_CP,20240305T035916,103.97,1.2524,33.9989,22
CTD_CP,20240305T035916,105.96,1.2096,34.0092,28
CTD_CP,20240305T035916,108.14,1.1780,34.0180,30
CTD_CP,20240305T035916,110.15,1.1340,34.0343,33
CTD_CP,20240305T035916,112.09,1.0522,34.0641,30
CTD_CP,20240305T035916,114.06,0.9726,34.0806,32
CTD_CP,20240305T035917,116.14,0.9330,34.0885,30
CTD_CP,20240305T035917,118.00,0.8962,34.0954,26
CTD_CP,20240305T035917,120.02,0.8727,34.1043,32
CTD_CP,20240305T035917,121.97,0.8523,34.1098,27
CTD_CP,20240305T035917,123.90,0.8297,34.1099,31
CTD_CP,20240305T035917,125.96,0.8002,34.1264,30
CTD_CP,20240305T035917,127.93,0.7329,34.1519,24
CTD_CP,20240305T035917,129.87,0.8468,34.2147,27
CTD_CP,20240305T035917,132.06,0.9300,34.2410,28
CTD_CP,20240305T035917,134.00,0.9849,34.2555,22
CTD_CP,20240305T035917,136.07,1.0143,34.2721,27
CTD_CP,20240305T035917,138.07,1.0643,34.2846,22
CTD_CP,20240305T035917,139.96,1.1213,34.2969,22
CTD_CP,20240305T035917,142.03,1.1519,34.3064,26
CTD_CP,20240305T035917,144.04,1.2487,34.3272,21
CTD_CP,20240305T035917,145.89,1.3285,34.3465,21
CTD_CP,20240305T035917,147.92,1.3793,34.3573,27
CTD_CP,20240305T035917,149.99,1.5056,34.3733,22
CTD_CP,20240305T035917,152.00,1.6434,34.4025,26
CTD_CP,20240305T035918,154.11,1.7287,34.4209,24
CTD_CP,20240305T035918,156.04,1.7737,34.4287,21
CTD_CP,20240305T035918,158.04,1.8290,34.4395,27
CTD_CP,20240305T035918,160.11,1.8508,34.4462,25
CTD_CP,20240305T035918,162.08,1.8983,34.4557,24
CTD_CP,20240305T035918,164.01,1.9560,34.4684,23
CTD_CP,20240305T035918,166.03,1.9872,34.4771,27
CTD_CP,20240305T035918,167.95,1.9850,34.4829,23
CTD_CP,20240305T035918,169.87,1.9941,34.4882,31
CTD_CP,20240305T035918,171.99,2.0378,34.4985,33
CTD_CP,20240305T035918,173.95,2.0574,34.5033,25
CTD_CP,20240305T035918,175.89,2.0820,34.5091,31
CTD_CP,20240305T035918,178.00,2.0994,34.5141,30
CTD_CP,20240305T035918,179.93,2.1038,34.5165,27
CTD_CP,20240305T035918,181.89,2.1317,34.5232,29
CTD_CP,20240305T035918,184.06,2.1616,34.5295,29
CTD_CP,20240305T035918,186.01,2.1838,34.5339,24
CTD_CP,20240305T035918,187.94,2.2030,34.5392,23
CTD_CP,20240305T035918,189.94,2.2187,34.5430,26
CTD_CP,20240305T035919,192.03,2.2993,34.5602,26
CTD_CP,20240305T035919,194.11,2.3246,34.5655,23
CTD_CP,20240305T035919,196.02,2.3398,34.5700,23
CTD_CP,20240305T035919,198.03,2.3632,34.5740,29
CTD_CP,20240305T035919,199.99,2.3457,34.5761,29
CTD_CP,20240305T035919,202.08,2.3037,34.5747,30
CTD_CP,20240305T035919,204.05,2.2988,34.5769,26
CTD_CP,20240305T035919,206.02,2.3008,34.5774,26
CTD_CP,20240305T035919,207.97,2.3195,34.5796,28
CTD_CP,20240305T035919,210.11,2.3168,34.5819,27
CTD_CP,20240305T035919,212.03,2.2865,34.5850,24
CTD_CP,20240305T035919,213.93,2.2522,34.5870,23
CTD_CP,20240305T035919,215.98,2.2655,34.5900,28
CTD_CP,20240305T035919,218.04,2.2803,34.5942,23
CTD_CP,20240305T035919,219.98,2.3084,34.5990,24
CTD_CP,20240305T035919,221.90,2.3026,34.6026,24
CTD_CP,20240305T035919,223.95,2.3214,34.6067,26
CTD_CP,20240305T035919,225.99,2.3476,34.6127,25
CTD_CP,20240305T035919,228.02,2.3505,34.6145,26
CTD_CP,20240305T035920,229.99,2.3518,34.6146,23
CTD_CP,20240305T035920,232.02,2.3533,34.6145,27
CTD_CP,20240305T035920,234.09,2.3362,34.6162,24
CTD_CP,20240305T035920,236.01,2.3010,34.6123,23
CTD_CP,20240305T035920,237.93,2.2685,34.6114,24
CTD_CP,20240305T035920,239.93,2.2554,34.6124,26
CTD_CP,20240305T035920,241.93,2.2519,34.6129,22
CTD_CP,20240305T035920,243.93,2.2579,34.6188,26
CTD_CP,20240305T035920,245.96,2.2567,34.6212,22
CTD_CP,20240305T035920,248.04,2.2701,34.6229,27
CTD_CP,20240305T035920,250.08,2.2766,34.6236,23
CTD_CP,20240305T035920,252.05,2.2830,34.6281,24
CTD_CP,20240305T035920,254.08,2.2820,34.6294,23
CTD_CP,20240305T035920,256.02,2.2910,34.6313,24
CTD_CP,20240305T035920,257.92,2.2954,34.6326,21
CTD_CP,20240305T035920,259.99,2.2942,34.6342,31
CTD_CP,20240305T035920,262.05,2.2965,34.6361,29
CTD_CP,20240305T035920,263.95,2.2918,34.6375,32
CTD_CP,20240305T035920,266.11,2.2898,34.6379,33
CTD_CP,20240305T035921,268.05,2.2929,34.6402,27
CTD_CP,20240305T035921,269.98,2.2962,34.6421,32
CTD_CP,20240305T035921,272.06,2.2952,34.6453,33
CTD_CP,20240305T035921,274.07,2.2756,34.6474,28
CTD_CP,20240305T035921,275.93,2.2639,34.6476,30
CTD_CP,20240305T035921,278.02,2.2493,34.6448,33
CTD_CP,20240305T035921,279.98,2.2427,34.6433,27
CTD_CP,20240305T035921,281.96,2.1834,34.6402,32
CTD_CP,20240305T035921,284.02,2.1520,34.6395,27
CTD_CP,20240305T035921,285.97,2.1765,34.6431,30
CTD_CP,20240305T035921,287.98,2.2140,34.6479,25
CTD_CP,20240305T035921,289.97,2.2470,34.6528,31
CTD_CP,20240305T035921,292.01,2.2429,34.6531,24
CTD_CP,20240305T035921,294.03,2.2345,34.6516,30
CTD_CP,20240305T035921,296.03,2.1151,34.6481,24
CTD_CP,20240305T035921,298.01,2.0644,34.6434,28
CTD_CP,20240305T035921,300.03,2.0850,34.6462,23
CTD_CP,20240305T035921,301.90,2.0950,34.6477,26
CTD_CP,20240305T035921,303.90,2.1107,34.6491,24
CTD_CP,20240305T035922,305.97,2.1134,34.6491,28
CTD_CP,20240305T035922,308.10,2.1188,34.6519,26
CTD_CP,20240305T035922,310.01,2.0917,34.6511,21
CTD_CP,20240305T035922,312.04,2.0726,34.6476,27
CTD_CP,20240305T035922,314.06,2.0469,34.6458,22
CTD_CP,20240305T035922,316.10,2.0045,34.6447,26
CTD_CP,20240305T035922,318.07,1.9965,34.6441,23
CTD_CP,20240305T035922,320.09,1.9887,34.6444,24
CTD_CP,20240305T035922,321.98,1.9665,34.6440,23
CTD_CP,20240305T035922,324.05,1.9449,34.6432,27
CTD_CP,20240305T035922,326.08,1.9248,34.6422,31
CTD_CP,20240305T035922,327.98,1.8852,34.6420,36
CTD_CP,20240305T035922,329.98,1.9128,34.6462,77
CTD_CP,20240305T035922,332.02,1.9006,34.6460,43
CTD_CP,20240305T035922,333.96,1.8916,34.6459,26
CTD_CP,20240305T035922,335.86,1.8874,34.6475,29
CTD_CP,20240305T035922,337.94,1.8804,34.6486,30
CTD_CP,20240305T035922,340.08,1.8848,34.6500,29
CTD_CP,20240305T035922,342.00,1.9085,34.6517,23
CTD_CP,20240305T035923,344.01,1.9190,34.6545,31
CTD_CP,20240305T035923,346.03,1.9411,34.6565,23
CTD_CP,20240305T035923,348.00,1.9483,34.6583,28
CTD_CP,20240305T035923,349.97,1.9467,34.6582,23
CTD_CP,20240305T035923,351.89,1.9434,34.6582,27
CTD_CP,20240305T035923,353.96,1.9414,34.6575,24
CTD_CP,20240305T035923,355.94,1.9399,34.6586,26
CTD_CP,20240305T035923,357.98,1.9312,34.6596,23
CTD_CP,20240305T035923,360.00,1.9236,34.6591,25
CTD_CP,20240305T035923,361.97,1.9255,34.6600,24
CTD_CP,20240305T035923,364.07,1.9287,34.6605,25
CTD_CP,20240305T035923,366.04,1.9332,34.6606,22
CTD_CP,20240305T035923,368.10,1.9225,34.6604,25
CTD_CP,20240305T035923,370.14,1.8978,34.6587,23
CTD_CP,20240305T035923,372.05,1.8892,34.6593,21
CTD_CP,20240305T035923,374.07,1.8844,34.6598,25
CTD_CP,20240305T035923,376.07,1.8829,34.6605,21
CTD_CP,20240305T035923,377.94,1.8818,34.6618,21
CTD_CP,20240305T035923,379.97,1.8819,34.6620,26
CTD_CP,20240305T035924,382.06,1.8780,34.6629,21
CTD_CP,20240305T035924,383.97,1.8782,34.6635,22
CTD_CP,20240305T035924,385.97,1.8804,34.6654,25
CTD_CP,20240305T035924,387.98,1.8814,34.6659,20
CTD_CP,20240305T035924,389.94,1.8823,34.6661,23
CTD_CP,20240305T035924,392.03,1.8844,34.6671,25
CTD_CP,20240305T035924,394.05,1.8849,34.6673,21
CTD_CP,20240305T035924,396.12,1.8858,34.6675,27
CTD_CP,20240305T035924,398.01,1.8862,34.6678,24
CTD_CP,20240305T035924,399.92,1.8876,34.6682,33
CTD_CP,20240305T035924,402.07,1.8881,34.6683,31
CTD_CP,20240305T035924,403.99,1.8887,34.6686,26
CTD_CP,20240305T035924,405.88,1.8892,34.6688,30
CTD_CP,20240305T035924,408.04,1.8898,34.6689,32
CTD_CP,20240305T035924,410.02,1.8907,34.6696,27
CTD_CP,20240305T035924,412.03,1.8916,34.6702,30
CTD_CP,20240305T035924,414.01,1.8915,34.6701,26
CTD_CP,20240305T035924,416.05,1.8916,34.6700,31
CTD_CP,20240305T035924,418.12,1.8917,34.6701,27
CTD_CP,20240305T035925,419.98,1.8921,34.6704,25
CTD_CP,20240305T035925,421.98,1.8918,34.6708,33
CTD_CP,20240305T035925,424.03,1.8915,34.6710,25
CTD_CP,20240305T035925,426.05,1.8906,34.6733,33
CTD_CP,20240305T035925,427.99,1.8888,34.6739,23
CTD_CP,20240305T035925,429.94,1.8878,34.6749,32
CTD_CP,20240305T035925,431.99,1.8887,34.6757,24
CTD_CP,20240305T035925,433.96,1.8904,34.6767,29
CTD_CP,20240305T035925,435.99,1.8915,34.6777,28
CTD_CP,20240305T035925,438.03,1.8919,34.6775,25
CTD_CP,20240305T035925,439.98,1.8922,34.6780,29
CTD_CP,20240305T035925,441.99,1.8927,34.6781,24
CTD_CP,20240305T035925,443.88,1.8905,34.6790,27
CTD_CP,20240305T035925,446.05,1.8901,34.6790,28
CTD_CP,20240305T035925,447.98,1.8903,34.6791,22
CTD_CP,20240305T035925,450.00,1.8896,34.6799,29
CTD_CP,20240305T035925,452.04,1.8914,34.6818,23
CTD_CP,20240305T035925,454.03,1.8916,34.6829,26
CTD_CP,20240305T035925,455.99,1.8906,34.6839,25
CTD_CP,20240305T035926,457.95,1.8941,34.6849,23
CTD_CP,20240305T035926,459.96,1.8989,34.6867,29
CTD_CP,20240305T035926,462.01,1.9001,34.6868,22
CTD_CP,20240305T035926,464.00,1.9024,34.6885,28
CTD_CP,20240305T035926,465.97,1.8977,34.6887,21
CTD_CP,20240305T035926,467.95,1.8989,34.6894,27
CTD_CP,20240305T035926,469.99,1.9032,34.6913,21
CTD_CP,20240305T035926,472.01,1.9059,34.6916,26
CTD_CP,20240305T035926,473.97,1.9083,34.6916,20
CTD_CP,20240305T035926,475.95,1.9082,34.6918,26
CTD_CP,20240305T035926,478.00,1.9095,34.6923,24
CTD_CP,20240305T035926,479.93,1.9133,34.6932,22
CTD_CP,20240305T035926,482.00,1.9120,34.6928,28
CTD_CP,20240305T035926,484.10,1.9156,34.6935,24
CTD_CP,20240305T035926,485.97,1.9197,34.6948,22
CTD_CP,20240305T035926,488.00,1.9200,34.6953,29
CTD_CP,20240305T035926,490.03,1.9218,34.6955,21
CTD_CP,20240305T035926,491.97,1.9222,34.6958,27
CTD_CP,20240305T035926,493.93,1.9220,34.6960,22
CTD_CP,20240305T035927,495.96,1.9238,34.6970,28
CTD_CP,20240305T035927,498.00,1.9475,34.6994,22
CTD_CP,20240305T035927,499.94,1.9710,34.7040,26
CTD_CP,20240305T035927,502.10,1.9566,34.7045,26
CTD_CP,20240305T035927,504.10,1.9425,34.7035,23
CTD_CP,20240305T035927,505.96,1.9341,34.7031,21
CTD_CP,20240305T035927,507.99,1.9329,34.7030,28
CTD_CP,20240305T035927,510.06,1.9249,34.7036,23
CTD_CP,20240305T035927,511.94,1.9196,34.7051,21
CTD_CP,20240305T035927,514.00,1.9309,34.7068,28
CTD_CP,20240305T035927,516.08,1.9373,34.7081,22
CTD_CP,20240305T035927,518.01,1.9956,34.7134,23
CTD_CP,20240305T035927,519.92,1.9957,34.7142,22
CTD_CP,20240305T035927,522.02,1.9910,34.7140,26
CTD_CP,20240305T035927,524.06,1.9902,34.7139,20
CTD_CP,20240305T035927,525.94,1.9806,34.7136,20
CTD_CP,20240305T035927,527.94,1.9811,34.7121,22
CTD_CP,20240305T035927,529.99,1.9912,34.7153,23
CTD_CP,20240305T035927,532.02,1.9942,34.7162,20
CTD_CP,20240305T035928,533.92,2.0425,34.7215,20
CTD_CP,20240305T035928,536.01,2.0788,34.7261,24
CTD_CP,20240305T035928,538.06,2.0848,34.7271,20
CTD_CP,20240305T035928,540.06,2.0847,34.7273,21
CTD_CP,20240305T035928,542.04,2.0841,34.7278,22
CTD_CP,20240305T035928,544.00,2.0840,34.7279,19
CTD_CP,20240305T035928,546.02,2.0841,34.7281,26
CTD_CP,20240305T035928,548.16,2.0842,34.7280,27
CTD_CP,20240305T035928,550.03,2.0845,34.7282,25
CTD_CP,20240305T035928,552.01,2.0830,34.7281,29
CTD_CP,20240305T035928,553.98,2.0780,34.7281,25
CTD_CP,20240305T035928,555.94,2.0772,34.7283,31
CTD_CP,20240305T035928,558.11,2.0772,34.7285,30
CTD_CP,20240305T035928,560.05,2.0760,34.7285,25
CTD_CP,20240305T035928,562.06,2.0724,34.7284,31
CTD_CP,20240305T035928,564.00,2.0631,34.7282,24
CTD_CP,20240305T035928,565.92,2.0584,34.7277,30
CTD_CP,20240305T035928,568.02,2.0493,34.7268,29
CTD_CP,20240305T035928,570.07,2.0343,34.7251,28
CTD_CP,20240305T035928,572.04,2.0174,34.7243,28
CTD_CP,20240305T035929,573.95,2.0193,34.7238,26
CTD_CP,20240305T035929,575.92,2.0074,34.7236,29
CTD_CP,20240305T035929,578.00,1.9994,34.7209,29
CTD_CP,20240305T035929,580.10,1.9808,34.7203,28
CTD_CP,20240305T035929,581.97,1.9631,34.7182,23
CTD_CP,20240305T035929,583.90,1.9463,34.7187,28
CTD_CP,20240305T035929,586.01,1.9265,34.7155,29
CTD_CP,20240305T035929,587.97,1.9330,34.7160,23
CTD_CP,20240305T035929,589.86,1.9480,34.7176,27
CTD_CP,20240305T035929,591.90,1.9584,34.7180,29
CTD_CP,20240305T035929,594.06,1.9365,34.7171,29
CTD_CP,20240305T035929,595.97,1.9224,34.7153,23
CTD_CP,20240305T035929,597.89,1.9233,34.7154,27
CTD_CP,20240305T035929,599.97,1.9061,34.7130,27
CTD_CP,20240305T035929,602.05,1.8850,34.7125,28
CTD_CP,20240305T035929,604.09,1.8870,34.7136,26
CTD_CP,20240305T035929,605.97,1.8873,34.7133,23
CTD_CP,20240305T035929,607.90,1.8900,34.7138,27
CTD_CP,20240305T035929,609.91,1.8906,34.7139,24
CTD_CP,20240305T035930,611.94,1.8880,34.7135,26
CTD_CP,20240305T035930,614.08,1.8880,34.7134,25
CTD_CP,20240305T035930,616.03,1.8856,34.7141,23
CTD_CP,20240305T035930,617.96,1.8881,34.7139,21
CTD_CP,20240305T035930,619.90,1.8981,34.7162,25
CTD_CP,20240305T035930,621.93,1.9534,34.7219,21
CTD_CP,20240305T035930,623.93,1.9543,34.7220,24
CTD_CP,20240305T035930,625.99,1.9487,34.7209,20
CTD_CP,20240305T035930,628.03,1.9499,34.7224,23
CTD_CP,20240305T035930,629.98,1.9675,34.7235,20
CTD_CP,20240305T035930,632.04,1.9844,34.7259,23
CTD_CP,20240305T035930,634.07,1.9827,34.7272,22
CTD_CP,20240305T035930,636.01,1.9728,34.7267,20
CTD_CP,20240305T035930,637.98,1.9635,34.7259,23
CTD_CP,20240305T035930,640.05,1.9600,34.7255,21
CTD_CP,20240305T035930,642.00,1.9408,34.7254,22
CTD_CP,20240305T035930,643.94,1.9200,34.7209,20
CTD_CP,20240305T035930,645.91,1.8936,34.7200,26
CTD_CP,20240305T035930,648.06,1.8841,34.7192,25
CTD_CP,20240305T035931,650.02,1.8786,34.7177,21
CTD_CP,20240305T035931,651.86,1.8821,34.7185,24
CTD_CP,20240305T035931,654.04,1.8783,34.7182,25
CTD_CP,20240305T035931,656.02,1.8771,34.7181,21
CTD_CP,20240305T035931,658.02,1.8719,34.7172,22
CTD_CP,20240305T035931,659.99,1.8712,34.7175,23
CTD_CP,20240305T035931,662.04,1.8720,34.7177,20
CTD_CP,20240305T035931,663.97,1.8668,34.7173,23
CTD_CP,20240305T035931,666.00,1.8657,34.7171,20
CTD_CP,20240305T035931,667.95,1.8635,34.7178,23
CTD_CP,20240305T035931,669.99,1.8629,34.7180,21
CTD_CP,20240305T035931,672.05,1.8604,34.7187,24
CTD_CP,20240305T035931,673.98,1.8585,34.7193,20
CTD_CP,20240305T035931,675.98,1.8572,34.7195,27
CTD_CP,20240305T035931,678.04,1.8559,34.7198,28
CTD_CP,20240305T035931,680.01,1.8550,34.7199,28
CTD_CP,20240305T035931,682.07,1.8526,34.7204,31
CTD_CP,20240305T035931,683.97,1.8518,34.7207,25
CTD_CP,20240305T035931,685.89,1.8520,34.7206,31
CTD_CP,20240305T035932,687.86,1.8520,34.7209,28
CTD_CP,20240305T035932,689.82,1.8518,34.7209,28
CTD_CP,20240305T035932,692.01,1.8518,34.7209,34
CTD_CP,20240305T035932,694.17,1.8514,34.7211,29
CTD_CP,20240305T035932,696.10,1.8514,34.7212,27
CTD_CP,20240305T035932,698.05,1.8494,34.7225,30
CTD_CP,20240305T035932,700.08,1.8657,34.7257,28
CTD_CP,20240305T035932,702.04,1.8735,34.7278,28
CTD_CP,20240305T035932,704.02,1.8728,34.7280,28
CTD_CP,20240305T035932,706.09,1.8717,34.7277,29
CTD_CP,20240305T035932,708.02,1.8690,34.7275,24
CTD_CP,20240305T035932,709.93,1.8643,34.7271,28
CTD_CP,20240305T035932,712.04,1.8566,34.7265,28
CTD_CP,20240305T035932,714.07,1.8520,34.7261,26
CTD_CP,20240305T035932,715.93,1.8505,34.7265,25
CTD_CP,20240305T035932,717.94,1.8429,34.7267,28
CTD_CP,20240305T035932,720.00,1.8401,34.7268,26
CTD_CP,20240305T035932,721.99,1.8390,34.7269,26
CTD_CP,20240305T035932,724.06,1.8386,34.7269,27
CTD_CP,20240305T035933,726.09,1.8395,34.7272,25
CTD_CP,20240305T035933,728.06,1.8401,34.7276,25
CTD_CP,20240305T035933,730.08,1.8422,34.7282,25
CTD_CP,20240305T035933,732.11,1.8386,34.7281,25
CTD_CP,20240305T035933,733.96,1.8383,34.7282,21
CTD_CP,20240305T035933,735.88,1.8360,34.7282,26
CTD_CP,20240305T035933,738.01,1.8333,34.7282,27
CTD_CP,20240305T035933,740.09,1.8314,34.7282,24
CTD_CP,20240305T035933,742.08,1.8282,34.7284,25
CTD_CP,20240305T035933,743.99,1.8264,34.7283,20
CTD_CP,20240305T035933,745.90,1.8224,34.7290,26
CTD_CP,20240305T035933,748.07,1.8220,34.7296,25
CTD_CP,20240305T035933,750.12,1.8221,34.7297,23
CTD_CP,20240305T035933,751.93,1.8216,34.7299,21
CTD_CP,20240305T035933,753.91,1.8217,34.7300,26
CTD_CP,20240305T035933,756.12,1.8221,34.7299,25
CTD_CP,20240305T035933,758.18,1.8212,34.7299,23
CTD_CP,20240305T035933,760.03,1.8194,34.7300,20
CTD_CP,20240305T035933,761.93,1.8166,34.7302,23
CTD_CP,20240305T035934,764.06,1.8148,34.7302,25
CTD_CP,20240305T035934,766.03,1.8127,34.7305,19
CTD_CP,20240305T035934,767.98,1.8105,34.7309,24
CTD_CP,20240305T035934,770.11,1.8082,34.7311,22
CTD_CP,20240305T035934,772.00,1.8039,34.7317,21
CTD_CP,20240305T035934,774.07,1.8009,34.7317,24
CTD_CP,20240305T035934,776.05,1.7999,34.7317,20
CTD_CP,20240305T035934,778.05,1.7999,34.7317,24
CTD_CP,20240305T035934,779.99,1.7990,34.7318,20
CTD_CP,20240305T035934,782.01,1.7973,34.7317,23
CTD_CP,20240305T035934,783.95,1.7947,34.7320,20
CTD_CP,20240305T035934,786.07,1.7873,34.7325,24
CTD_CP,20240305T035934,788.11,1.7830,34.7328,19
CTD_CP,20240305T035934,789.94,1.7841,34.7323,18
CTD_CP,20240305T035934,791.90,1.7839,34.7324,22
CTD_CP,20240305T035934,793.94,1.7814,34.7323,19
CTD_CP,20240305T035934,795.97,1.7793,34.7325,23
CTD_CP,20240305T035934,797.99,1.7766,34.7326,20
CTD_CP,20240305T035934,799.87,1.7760,34.7327,26
CTD_CP,20240305T035935,801.87,1.7754,34.7329,26
CTD_CP,20240305T035935,803.87,1.7735,34.7328,26
CTD_CP,20240305T035935,805.92,1.7725,34.7327,27
CTD_CP,20240305T035935,807.97,1.7725,34.7327,25
CTD_CP,20240305T035935,810.04,1.7724,34.7326,27
CTD_CP,20240305T035935,812.11,1.7721,34.7323,25
CTD_CP,20240305T035935,813.96,1.7720,34.7324,22
CTD_CP,20240305T035935,815.84,1.7719,34.7324,25
CTD_CP,20240305T035935,817.89,1.7720,34.7322,26
CTD_CP,20240305T035935,819.88,1.7722,34.7323,25
CTD_CP,20240305T035935,821.91,1.7715,34.7324,27
CTD_CP,20240305T035935,824.03,1.7708,34.7325,27
CTD_CP,20240305T035935,826.11,1.7709,34.7325,26
CTD_CP,20240305T035935,828.00,1.7710,34.7324,22
CTD_CP,20240305T035935,829.87,1.7702,34.7326,26
CTD_CP,20240305T035935,831.97,1.7698,34.7325,27
CTD_CP,20240305T035935,834.05,1.7702,34.7330,26
CTD_CP,20240305T035935,836.05,1.7697,34.7332,25
CTD_CP,20240305T035935,838.06,1.7665,34.7334,26
CTD_CP,20240305T035935,840.10,1.7621,34.7336,26
CTD_CP,20240305T035936,842.08,1.7599,34.7334,25
CTD_CP,20240305T035936,843.94,1.7586,34.7335,24
CTD_CP,20240305T035936,845.84,1.7564,34.7335,26
CTD_CP,20240305T035936,847.84,1.7555,34.7337,27
CTD_CP,20240305T035936,849.86,1.7556,34.7336,26
CTD_CP,20240305T035936,851.98,1.7540,34.7336,28
CTD_CP,20240305T035936,854.08,1.7482,34.7337,25
CTD_CP,20240305T035936,856.10,1.7464,34.7338,26
CTD_CP,20240305T035936,858.08,1.7471,34.7343,25
CTD_CP,20240305T035936,860.08,1.7467,34.7345,24
CTD_CP,20240305T035936,861.92,1.7427,34.7341,23
CTD_CP,20240305T035936,864.00,1.7418,34.7340,29
CTD_CP,20240305T035936,866.14,1.7414,34.7342,26
CTD_CP,20240305T035936,867.99,1.7415,34.7343,21
CTD_CP,20240305T035936,869.95,1.7423,34.7343,28
CTD_CP,20240305T035936,872.08,1.7462,34.7349,25
CTD_CP,20240305T035936,873.97,1.7476,34.7358,22
CTD_CP,20240305T035936,875.91,1.7473,34.7361,26
CTD_CP,20240305T035936,878.00,1.7472,34.7361,24
CTD_CP,20240305T035937,880.01,1.7464,34.7362,24
CTD_CP,20240305T035937,882.07,1.7414,34.7368,25
CTD_CP,20240305T035937,883.95,1.7399,34.7369,21
CTD_CP,20240305T035937,885.90,1.7397,34.7368,26
CTD_CP,20240305T035937,888.00,1.7395,34.7369,25
CTD_CP,20240305T035937,890.00,1.7391,34.7371,23
CTD_CP,20240305T035937,892.04,1.7392,34.7369,26
CTD_CP,20240305T035937,894.10,1.7371,34.7371,24
CTD_CP,20240305T035937,896.09,1.7354,34.7372,24
CTD_CP,20240305T035937,898.12,1.7277,34.7374,25
CTD_CP,20240305T035937,900.11,1.7268,34.7374,24
CTD_CP,20240305T035937,902.15,1.7261,34.7374,26
CTD_CP,20240305T035937,904.15,1.7235,34.7379,25
CTD_CP,20240305T035937,906.12,1.7190,34.7383,24
CTD_CP,20240305T035937,908.13,1.7187,34.7383,25
CTD_CP,20240305T035937,910.08,1.7184,34.7382,24
CTD_CP,20240305T035937,912.10,1.7178,34.7381,26
CTD_CP,20240305T035937,914.14,1.7176,34.7381,25
CTD_CP,20240305T035937,916.10,1.7185,34.7381,23
CTD_CP,20240305T035938,917.92,1.7182,34.7381,23
CTD_CP,20240305T035938,919.94,1.7174,34.7383,27
CTD_CP,20240305T035938,922.06,1.7162,34.7381,25
CTD_CP,20240305T035938,924.10,1.7148,34.7381,26
CTD_CP,20240305T035938,926.14,1.7144,34.7380,25
CTD_CP,20240305T035938,928.13,1.7142,34.7380,24
CTD_CP,20240305T035938,929.95,1.7090,34.7378,21
CTD_CP,20240305T035938,931.88,1.7024,34.7381,26
CTD_CP,20240305T035938,934.04,1.6962,34.7381,25
CTD_CP,20240305T035938,936.12,1.6955,34.7381,24
CTD_CP,20240305T035938,938.05,1.6935,34.7383,22
CTD_CP,20240305T035938,939.96,1.6909,34.7385,23
CTD_CP,20240305T035938,942.03,1.6907,34.7384,24
CTD_CP,20240305T035938,944.11,1.6911,34.7385,24
CTD_CP,20240305T035938,946.13,1.6914,34.7385,23
CTD_CP,20240305T035938,947.98,1.6914,34.7386,25
CTD_CP,20240305T035938,950.00,1.6916,34.7386,31
CTD_CP,20240305T035938,952.02,1.6897,34.7386,26
CTD_CP,20240305T035938,953.93,1.6872,34.7387,27
CTD_CP,20240305T035939,955.95,1.6808,34.7388,29
CTD_CP,20240305T035939,957.98,1.6767,34.7390,27
CTD_CP,20240305T035939,960.02,1.6748,34.7392,29
CTD_CP,20240305T035939,962.05,1.6713,34.7394,26
CTD_CP,20240305T035939,963.95,1.6692,34.7396,25
CTD_CP,20240305T035939,965.83,1.6679,34.7398,26
CTD_CP,20240305T035939,967.86,1.6674,34.7397,27
CTD_CP,20240305T035939,969.88,1.6675,34.7396,26
CTD_CP,20240305T035939,971.92,1.6664,34.7396,28
CTD_CP,20240305T035939,973.97,1.6644,34.7396,26
CTD_CP,20240305T035939,975.98,1.6638,34.7396,25
CTD_CP,20240305T035939,977.98,1.6607,34.7396,25
CTD_CP,20240305T035939,979.94,1.6588,34.7397,24
CTD_CP,20240305T035939,981.86,1.6580,34.7397,24
CTD_CP,20240305T035939,983.86,1.6551,34.7398,26
CTD_CP,20240305T035939,985.96,1.6547,34.7397,27
CTD_CP,20240305T035939,988.00,1.6525,34.7397,26
CTD_CP,20240305T035939,990.01,1.6473,34.7396,26
CTD_CP,20240305T035939,992.02,1.6442,34.7396,26
CTD_CP,20240305T035940,993.99,1.6398,34.7397,26
CTD_CP,20240305T035940,996.01,1.6386,34.7395,26
CTD_CP,20240305T035940,998.09,1.6408,34.7392,25
CTD_CP,20240305T035940,1000.12,1.6421,34.7394,25
CTD_CP,20240305T035940,1002.05,1.6349,34.7392,21
CTD_CP,20240305T035940,1003.87,1.6310,34.7396,24
CTD_CP,20240305T035940,1005.88,1.6287,34.7396,24
CTD_CP,20240305T035940,1007.89,1.6255,34.7397,24
CTD_CP,20240305T035940,1009.87,1.6247,34.7396,24
CTD_CP,20240305T035940,1011.87,1.6241,34.7397,25
CTD_CP,20240305T035940,1013.95,1.6237,34.7395,25
CTD_CP,20240305T035940,1016.00,1.6219,34.7396,24
CTD_CP,20240305T035940,1018.05,1.6209,34.7395,25
CTD_CP,20240305T035940,1020.10,1.6182,34.7396,24
CTD_CP,20240305T035940,1022.11,1.6153,34.7396,24
CTD_CP,20240305T035940,1024.12,1.6115,34.7397,23
CTD_CP,20240305T035940,1025.98,1.6107,34.7398,21
CTD_CP,20240305T035940,1027.91,1.6096,34.7399,25
CTD_CP,20240305T035940,1030.02,1.6087,34.7399,25
CTD_CP,20240305T035941,1032.11,1.6035,34.7401,24
CTD_CP,20240305T035941,1033.99,1.5999,34.7398,20
CTD_CP,20240305T035941,1035.84,1.5964,34.7399,23
CTD_CP,20240305T035941,1037.82,1.5939,34.7398,23
CTD_CP,20240305T035941,1039.90,1.5890,34.7395,24
CTD_CP,20240305T035941,1041.95,1.5884,34.7396,23
CTD_CP,20240305T035941,1044.04,1.5874,34.7395,24
CTD_CP,20240305T035941,1046.12,1.5832,34.7397,25
CTD_CP,20240305T035941,1048.18,1.5821,34.7397,28
CTD_CP,20240305T035941,1050.10,1.5814,34.7398,27
CTD_CP,20240305T035941,1051.96,1.5815,34.7398,26
CTD_CP,20240305T035941,1053.83,1.5833,34.7401,28
CTD_CP,20240305T035941,1055.84,1.5855,34.7407,28
CTD_CP,20240305T035941,1058.00,1.5857,34.7407,32
CTD_CP,20240305T035941,1060.13,1.5858,34.7408,27
CTD_CP,20240305T035941,1062.07,1.5850,34.7409,26
CTD_CP,20240305T035941,1064.01,1.5807,34.7410,27
CTD_CP,20240305T035941,1065.98,1.5809,34.7407,26
CTD_CP,20240305T035941,1067.92,1.5777,34.7407,27
CTD_CP,20240305T035942,1069.99,1.5728,34.7406,29
CTD_CP,20240305T035942,1072.05,1.5659,34.7409,27
CTD_CP,20240305T035942,1074.05,1.5622,34.7408,26
CTD_CP,20240305T035942,1076.03,1.5597,34.7407,26
CTD_CP,20240305T035942,1078.02,1.5553,34.7406,26
CTD_CP,20240305T035942,1080.05,1.5526,34.7405,27
CTD_CP,20240305T035942,1082.05,1.5498,34.7405,25
CTD_CP,20240305T035942,1083.97,1.5474,34.7405,25
CTD_CP,20240305T035942,1085.94,1.5457,34.7404,26
CTD_CP,20240305T035942,1087.93,1.5439,34.7402,25
CTD_CP,20240305T035942,1089.89,1.5439,34.7402,25
CTD_CP,20240305T035942,1091.88,1.5436,34.7403,26
CTD_CP,20240305T035942,1093.92,1.5430,34.7403,26
CTD_CP,20240305T035942,1096.06,1.5427,34.7402,27
CTD_CP,20240305T035942,1098.00,1.5420,34.7401,21
CTD_CP,20240305T035942,1099.90,1.5423,34.7401,26
CTD_CP,20240305T035942,1101.87,1.5417,34.7402,23
CTD_CP,20240305T035942,1103.81,1.5407,34.7401,24
CTD_CP,20240305T035942,1105.87,1.5404,34.7402,25
CTD_CP,20240305T035943,1107.97,1.5374,34.7406,25
CTD_CP,20240305T035943,1110.02,1.5313,34.7405,24
CTD_CP,20240305T035943,1112.03,1.5299,34.7402,24
CTD_CP,20240305T035943,1114.08,1.5289,34.7401,24
CTD_CP,20240305T035943,1116.13,1.5278,34.7399,24
CTD_CP,20240305T035943,1118.14,1.5275,34.7400,24
CTD_CP,20240305T035943,1119.98,1.5273,34.7401,20
CTD_CP,20240305T035943,1121.88,1.5265,34.7400,24
CTD_CP,20240305T035943,1123.90,1.5263,34.7399,23
CTD_CP,20240305T035943,1125.94,1.5260,34.7399,25
CTD_CP,20240305T035943,1128.01,1.5249,34.7399,25
CTD_CP,20240305T035943,1129.99,1.5248,34.7399,24
CTD_CP,20240305T035943,1131.98,1.5242,34.7399,25
CTD_CP,20240305T035943,1134.00,1.5230,34.7399,24
CTD_CP,20240305T035943,1136.03,1.5218,34.7398,25
CTD_CP,20240305T035943,1138.12,1.5208,34.7397,25
CTD_CP,20240305T035943,1140.19,1.5193,34.7397,24
CTD_CP,20240305T035943,1142.04,1.5172,34.7396,20
CTD_CP,20240305T035943,1143.85,1.5101,34.7395,23
CTD_CP,20240305T035944,1145.86,1.5080,34.7394,25
CTD_CP,20240305T035944,1147.90,1.5094,34.7394,28
CTD_CP,20240305T035944,1150.01,1.5071,34.7395,33
CTD_CP,20240305T035944,1152.13,1.5032,34.7393,29
CTD_CP,20240305T035944,1154.10,1.5033,34.7392,28
CTD_CP,20240305T035944,1155.94,1.5019,34.7393,26
CTD_CP,20240305T035944,1157.97,1.5017,34.7393,33
CTD_CP,20240305T035944,1160.10,1.5020,34.7393,28
CTD_CP,20240305T035944,1162.09,1.5022,34.7393,28
CTD_CP,20240305T035944,1164.05,1.5041,34.7394,26
CTD_CP,20240305T035944,1165.95,1.5034,34.7393,25
CTD_CP,20240305T035944,1168.02,1.4989,34.7392,32
CTD_CP,20240305T035944,1170.16,1.4966,34.7392,27
CTD_CP,20240305T035944,1172.07,1.4940,34.7390,26
CTD_CP,20240305T035944,1173.93,1.4918,34.7390,25
CTD_CP,20240305T035944,1176.00,1.4885,34.7389,30
CTD_CP,20240305T035944,1178.12,1.4878,34.7389,28
CTD_CP,20240305T035944,1180.19,1.4873,34.7387,26
CTD_CP,20240305T035944,1182.18,1.4848,34.7387,26
CTD_CP,20240305T035944,1184.14,1.4820,34.7387,24
CTD_CP,20240305T035945,1186.05,1.4778,34.7385,24
CTD_CP,20240305T035945,1188.09,1.4773,34.7383,27
CTD_CP,20240305T035945,1190.00,1.4752,34.7383,21
CTD_CP,20240305T035945,1191.81,1.4734,34.7383,24
CTD_CP,20240305T035945,1193.95,1.4716,34.7382,28
CTD_CP,20240305T035945,1196.07,1.4697,34.7382,24
CTD_CP,20240305T035945,1198.05,1.4697,34.7380,24
CTD_CP,20240305T035945,1200.04,1.4681,34.7381,24
CTD_CP,20240305T035945,1202.11,1.4669,34.7378,25
CTD_CP,20240305T035945,1204.15,1.4628,34.7381,24
CTD_CP,20240305T035945,1206.00,1.4599,34.7381,20
CTD_CP,20240305T035945,1207.88,1.4586,34.7380,24
CTD_CP,20240305T035945,1209.96,1.4549,34.7378,24
CTD_CP,20240305T035945,1212.04,1.4521,34.7380,24
CTD_CP,20240305T035945,1214.04,1.4501,34.7379,22
CTD_CP,20240305T035945,1216.07,1.4506,34.7379,25
CTD_CP,20240305T035945,1218.10,1.4509,34.7379,23
CTD_CP,20240305T035945,1220.09,1.4507,34.7379,24
CTD_CP,20240305T035945,1222.08,1.4500,34.7380,24
CTD_CP,20240305T035946,1224.05,1.4482,34.7379,23
CTD_CP,20240305T035946,1226.10,1.4470,34.7378,25
CTD_CP,20240305T035946,1228.04,1.4472,34.7377,20
CTD_CP,20240305T035946,1229.93,1.4456,34.7377,24
CTD_CP,20240305T035946,1231.90,1.4414,34.7373,22
CTD_CP,20240305T035946,1233.91,1.4342,34.7374,25
CTD_CP,20240305T035946,1235.98,1.4301,34.7371,23
CTD_CP,20240305T035946,1237.96,1.4268,34.7372,23
CTD_CP,20240305T035946,1239.92,1.4254,34.7371,23
CTD_CP,20240305T035946,1241.93,1.4256,34.7370,23
CTD_CP,20240305T035946,1243.87,1.4262,34.7369,22
CTD_CP,20240305T035946,1245.83,1.4213,34.7372,24
CTD_CP,20240305T035946,1247.91,1.4208,34.7370,24
CTD_CP,20240305T035946,1249.88,1.4201,34.7371,22
CTD_CP,20240305T035946,1251.87,1.4201,34.7371,23
CTD_CP,20240305T035946,1253.88,1.4196,34.7373,23
CTD_CP,20240305T035946,1255.96,1.4195,34.7374,24
CTD_CP,20240305T035946,1258.06,1.4194,34.7374,23
CTD_CP,20240305T035946,1260.11,1.4187,34.7375,23
CTD_CP,20240305T035947,1262.07,1.4179,34.7373,21
CTD_CP,20240305T035947,1264.02,1.4179,34.7374,24
CTD_CP,20240305T035947,1266.10,1.4181,34.7376,24
CTD_CP,20240305T035947,1267.98,1.4186,34.7376,19
CTD_CP,20240305T035947,1269.84,1.4185,34.7375,23
CTD_CP,20240305T035947,1271.88,1.4185,34.7376,22
CTD_CP,20240305T035947,1274.04,1.4179,34.7378,28
CTD_CP,20240305T035947,1276.08,1.4176,34.7378,26
CTD_CP,20240305T035947,1277.97,1.4166,34.7377,27
CTD_CP,20240305T035947,1279.90,1.4162,34.7377,27
CTD_CP,20240305T035947,1281.96,1.4145,34.7378,31
CTD_CP,20240305T035947,1284.00,1.4094,34.7377,26
CTD_CP,20240305T035947,1285.89,1.4047,34.7373,27
CTD_CP,20240305T035947,1287.98,1.4029,34.7375,32
CTD_CP,20240305T035947,1290.07,1.3991,34.7373,26
CTD_CP,20240305T035947,1291.98,1.3995,34.7372,25
CTD_CP,20240305T035947,1294.06,1.3982,34.7373,29
CTD_CP,20240305T035947,1296.12,1.3987,34.7371,25
CTD_CP,20240305T035947,1298.05,1.3967,34.7370,25
CTD_CP,20240305T035948,1299.98,1.3955,34.7371,25
CTD_CP,20240305T035948,1301.93,1.3951,34.7370,25
CTD_CP,20240305T035948,1304.01,1.3939,34.7370,29
CTD_CP,20240305T035948,1306.11,1.3924,34.7369,25
CTD_CP,20240305T035948,1308.03,1.3916,34.7369,24
CTD_CP,20240305T035948,1309.93,1.3902,34.7368,24
CTD_CP,20240305T035948,1311.97,1.3882,34.7369,28
CTD_CP,20240305T035948,1313.98,1.3842,34.7368,23
CTD_CP,20240305T035948,1316.03,1.3828,34.7366,28
CTD_CP,20240305T035948,1318.10,1.3812,34.7367,24
CTD_CP,20240305T035948,1320.02,1.3794,34.7366,24
CTD_CP,20240305T035948,1321.95,1.3779,34.7365,24
CTD_CP,20240305T035948,1324.00,1.3770,34.7365,27
CTD_CP,20240305T035948,1326.12,1.3749,34.7365,26
CTD_CP,20240305T035948,1328.15,1.3719,34.7362,24
CTD_CP,20240305T035948,1330.11,1.3703,34.7363,24
CTD_CP,20240305T035948,1332.05,1.3687,34.7361,24
CTD_CP,20240305T035948,1333.95,1.3681,34.7361,23
CTD_CP,20240305T035948,1335.98,1.3673,34.7361,28
CTD_CP,20240305T035949,1338.09,1.3669,34.7360,25
CTD_CP,20240305T035949,1340.04,1.3662,34.7359,24
CTD_CP,20240305T035949,1342.02,1.3629,34.7357,25
CTD_CP,20240305T035949,1344.04,1.3589,34.7355,24
CTD_CP,20240305T035949,1346.02,1.3569,34.7354,24
CTD_CP,20240305T035949,1347.98,1.3561,34.7353,23
CTD_CP,20240305T035949,1349.92,1.3561,34.7352,23
CTD_CP,20240305T035949,1352.01,1.3549,34.7351,27
CTD_CP,20240305T035949,1354.09,1.3529,34.7350,24
CTD_CP,20240305T035949,1356.02,1.3516,34.7350,31
CTD_CP,20240305T035949,1358.06,1.3495,34.7349,33
CTD_CP,20240305T035949,1359.98,1.3454,34.7347,28
CTD_CP,20240305T035949,1361.94,1.3444,34.7346,34
CTD_CP,20240305T035949,1363.93,1.3423,34.7344,28
CTD_CP,20240305T035949,1365.87,1.3391,34.7343,32
CTD_CP,20240305T035949,1368.05,1.3356,34.7339,32
CTD_CP,20240305T035949,1370.06,1.3303,34.7341,27
CTD_CP,20240305T035949,1372.06,1.3300,34.7338,30
CTD_CP,20240305T035949,1374.07,1.3296,34.7339,29
CTD_CP,20240305T035950,1375.96,1.3293,34.7338,26
CTD_CP,20240305T035950,1377.97,1.3286,34.7338,33
CTD_CP,20240305T035950,1380.01,1.3268,34.7336,27
CTD_CP,20240305T035950,1382.03,1.3213,34.7335,31
CTD_CP,20240305T035950,1384.04,1.3177,34.7333,27
CTD_CP,20240305T035950,1385.93,1.3158,34.7332,26
CTD_CP,20240305T035950,1387.97,1.3134,34.7332,31
CTD_CP,20240305T035950,1390.07,1.3108,34.7331,27
CTD_CP,20240305T035950,1391.96,1.3110,34.7330,25
CTD_CP,20240305T035950,1394.01,1.3103,34.7331,31
CTD_CP,20240305T035950,1396.12,1.3090,34.7330,25
CTD_CP,20240305T035950,1398.06,1.3091,34.7329,25
CTD_CP,20240305T035950,1399.96,1.3064,34.7328,24
CTD_CP,20240305T035950,1402.01,1.3051,34.7326,29
CTD_CP,20240305T035950,1404.00,1.3048,34.7326,22
CTD_CP,20240305T035950,1405.88,1.3006,34.7324,25
CTD_CP,20240305T035950,1407.86,1.2990,34.7325,25
CTD_CP,20240305T035950,1409.99,1.2990,34.7324,28
CTD_CP,20240305T035950,1412.10,1.2990,34.7324,25
CTD_CP,20240305T035951,1414.12,1.2939,34.7323,25
CTD_CP,20240305T035951,1416.13,1.2928,34.7321,24
CTD_CP,20240305T035951,1418.08,1.2915,34.7321,24
CTD_CP,20240305T035951,1420.05,1.2901,34.7320,24
CTD_CP,20240305T035951,1422.02,1.2873,34.7319,24
CTD_CP,20240305T035951,1423.98,1.2868,34.7319,24
CTD_CP,20240305T035951,1425.91,1.2867,34.7318,23
CTD_CP,20240305T035951,1428.01,1.2861,34.7319,28
CTD_CP,20240305T035951,1430.17,1.2857,34.7318,24
CTD_CP,20240305T035951,1432.12,1.2842,34.7317,23
CTD_CP,20240305T035951,1434.12,1.2791,34.7315,24
CTD_CP,20240305T035951,1436.11,1.2785,34.7314,23
CTD_CP,20240305T035951,1438.08,1.2760,34.7315,24
CTD_CP,20240305T035951,1440.08,1.2729,34.7313,23
CTD_CP,20240305T035951,1441.97,1.2721,34.7313,21
CTD_CP,20240305T035951,1443.85,1.2714,34.7312,23
CTD_CP,20240305T035951,1445.94,1.2672,34.7312,24
CTD_CP,20240305T035951,1448.03,1.2664,34.7311,23
CTD_CP,20240305T035951,1450.08,1.2662,34.7311,23
CTD_CP,20240305T035952,1452.14,1.2663,34.7311,23
CTD_CP,20240305T035952,1454.15,1.2659,34.7310,21
CTD_CP,20240305T035952,1456.05,1.2655,34.7311,22
CTD_CP,20240305T035952,1457.94,1.2657,34.7311,20
CTD_CP,20240305T035952,1460.00,1.2660,34.7311,25
CTD_CP,20240305T035952,1462.07,1.2652,34.7312,21
CTD_CP,20240305T035952,1464.07,1.2639,34.7310,22
CTD_CP,20240305T035952,1466.08,1.2641,34.7310,22
CTD_CP,20240305T035952,1468.13,1.2641,34.7310,22
CTD_CP,20240305T035952,1470.14,1.2642,34.7310,21
CTD_CP,20240305T035952,1472.13,1.2638,34.7310,21
CTD_CP,20240305T035952,1473.97,1.2634,34.7310,17
CTD_CP,20240305T035952,1475.88,1.2626,34.7310,22
CTD_CP,20240305T035952,1477.95,1.2615,34.7310,20
CTD_CP,20240305T035952,1480.02,1.2590,34.7308,22
CTD_CP,20240305T035952,1482.09,1.2578,34.7305,19
CTD_CP,20240305T035952,1483.96,1.2570,34.7308,20
CTD_CP,20240305T035952,1485.97,1.2571,34.7307,21
CTD_CP,20240305T035952,1488.01,1.2559,34.7307,21
CTD_CP,20240305T035952,1490.07,1.2556,34.7306,22
CTD_CP,20240305T035953,1492.14,1.2540,34.7305,21
CTD_CP,20240305T035953,1494.12,1.2537,34.7305,21
CTD_CP,20240305T035953,1496.06,1.2532,34.7304,21
CTD_CP,20240305T035953,1498.03,1.2526,34.7306,28
CTD_CP,20240305T035953,1500.02,1.2522,34.7305,25
CTD_CP,20240305T035953,1502.07,1.2523,34.7304,30
CTD_CP,20240305T035953,1504.14,1.2515,34.7304,27
CTD_CP,20240305T035953,1506.07,1.2508,34.7304,25
CTD_CP,20240305T035953,1507.96,1.2495,34.7304,26
CTD_CP,20240305T035953,1509.94,1.2494,34.7302,26
CTD_CP,20240305T035953,1511.98,1.2482,34.7303,29
CTD_CP,20240305T035953,1513.98,1.2456,34.7303,24
CTD_CP,20240305T035953,1515.96,1.2445,34.7302,28
CTD_CP,20240305T035953,1518.03,1.2438,34.7304,28
CTD_CP,20240305T035953,1520.04,1.2435,34.7305,24
CTD_CP,20240305T035953,1521.95,1.2422,34.7304,25
CTD_CP,20240305T035953,1523.99,1.2402,34.7304,28
CTD_CP,20240305T035953,1526.02,1.2393,34.7304,25
CTD_CP,20240305T035953,1527.96,1.2369,34.7302,24
CTD_CP,20240305T035954,1529.90,1.2363,34.7301,24
CTD_CP,20240305T035954,1532.00,1.2371,34.7303,28
CTD_CP,20240305T035954,1534.10,1.2360,34.7301,23
CTD_CP,20240305T035954,1536.05,1.2352,34.7299,24
CTD_CP,20240305T035954,1537.99,1.2335,34.7301,23
CTD_CP,20240305T035954,1539.93,1.2321,34.7299,23
CTD_CP,20240305T035954,1541.86,1.2304,34.7301,23
CTD_CP,20240305T035954,1543.96,1.2261,34.7298,27
CTD_CP,20240305T035954,1546.06,1.2259,34.7297,23
CTD_CP,20240305T035954,1547.97,1.2251,34.7297,23
CTD_CP,20240305T035954,1549.95,1.2226,34.7298,24
CTD_CP,20240305T035954,1551.94,1.2210,34.7297,23
CTD_CP,20240305T035954,1554.03,1.2214,34.7298,27
CTD_CP,20240305T035954,1556.09,1.2210,34.7298,22
CTD_CP,20240305T035954,1558.01,1.2168,34.7301,24
CTD_CP,20240305T035954,1560.01,1.2172,34.7299,23
CTD_CP,20240305T035954,1561.95,1.2173,34.7299,22
CTD_CP,20240305T035954,1563.86,1.2159,34.7299,22
CTD_CP,20240305T035954,1565.93,1.2150,34.7298,25
CTD_CP,20240305T035955,1568.01,1.2153,34.7298,23
CTD_CP,20240305T035955,1570.08,1.2151,34.7298,25
CTD_CP,20240305T035955,1572.16,1.2144,34.7298,22
CTD_CP,20240305T035955,1574.08,1.2134,34.7298,22
CTD_CP,20240305T035955,1576.08,1.2117,34.7296,23
CTD_CP,20240305T035955,1578.10,1.2077,34.7297,23
CTD_CP,20240305T035955,1580.09,1.2058,34.7296,22
CTD_CP,20240305T035955,1582.04,1.2020,34.7295,22
CTD_CP,20240305T035955,1583.99,1.2009,34.7294,22
CTD_CP,20240305T035955,1585.93,1.2007,34.7293,22
CTD_CP,20240305T035955,1587.86,1.1983,34.7293,22
CTD_CP,20240305T035955,1589.86,1.1978,34.7293,24
CTD_CP,20240305T035955,1591.90,1.1970,34.7292,22
CTD_CP,20240305T035955,1593.91,1.1966,34.7292,24
CTD_CP,20240305T035955,1596.01,1.1948,34.7291,26
CTD_CP,20240305T035955,1597.99,1.1947,34.7288,27
CTD_CP,20240305T035955,1599.93,1.1867,34.7288,31
CTD_CP,20240305T035955,1602.01,1.1823,34.7283,31
CTD_CP,20240305T035955,1603.93,1.1788,34.7281,26
CTD_CP,20240305T035956,1605.92,1.1775,34.7281,32
CTD_CP,20240305T035956,1608.04,1.1772,34.7279,29
CTD_CP,20240305T035956,1609.99,1.1762,34.7280,29
CTD_CP,20240305T035956,1612.04,1.1739,34.7277,31
CTD_CP,20240305T035956,1613.98,1.1717,34.7275,26
CTD_CP,20240305T035956,1615.95,1.1678,34.7274,31
CTD_CP,20240305T035956,1617.96,1.1667,34.7273,26
CTD_CP,20240305T035956,1620.01,1.1653,34.7272,32
CTD_CP,20240305T035956,1622.02,1.1651,34.7272,24
CTD_CP,20240305T035956,1623.94,1.1639,34.7273,29
CTD_CP,20240305T035956,1625.97,1.1631,34.7271,25
CTD_CP,20240305T035956,1627.87,1.1629,34.7270,25
CTD_CP,20240305T035956,1629.88,1.1542,34.7270,27
CTD_CP,20240305T035956,1632.00,1.1463,34.7266,28
CTD_CP,20240305T035956,1634.05,1.1445,34.7265,25
CTD_CP,20240305T035956,1635.97,1.1440,34.7263,25
CTD_CP,20240305T035956,1637.98,1.1439,34.7265,34
CTD_CP,20240305T035956,1640.00,1.1430,34.7263,36
CTD_CP,20240305T035956,1642.00,1.1423,34.7263,35
CTD_CP,20240305T035957,1644.04,1.1427,34.7263,36
CTD_CP,20240305T035957,1646.05,1.1424,34.7262,33
CTD_CP,20240305T035957,1647.90,1.1420,34.7262,32
CTD_CP,20240305T035957,1649.87,1.1413,34.7262,35
CTD_CP,20240305T035957,1652.04,1.1391,34.7262,37
CTD_CP,20240305T035957,1654.12,1.1394,34.7261,30
CTD_CP,20240305T035957,1655.95,1.1401,34.7262,30
CTD_CP,20240305T035957,1657.88,1.1403,34.7261,32
CTD_CP,20240305T035957,1659.85,1.1399,34.7262,34
CTD_CP,20240305T035957,1661.97,1.1400,34.7263,37
CTD_CP,20240305T035957,1664.06,1.1400,34.7262,35
CTD_CP,20240305T035957,1665.98,1.1400,34.7262,32
CTD_CP,20240305T035957,1668.01,1.1400,34.7263,36
CTD_CP,20240305T035957,1669.98,1.1403,34.7263,28
CTD_CP,20240305T035957,1671.96,1.1405,34.7263,36
CTD_CP,20240305T035957,1673.99,1.1407,34.7263,28
CTD_CP,20240305T035957,1675.99,1.1401,34.7264,33
CTD_CP,20240305T035957,1678.03,1.1364,34.7260,26
CTD_CP,20240305T035957,1679.94,1.1343,34.7259,28
CTD_CP,20240305T035958,1682.00,1.1319,34.7260,31
CTD_CP,20240305T035958,1684.08,1.1311,34.7260,27
CTD_CP,20240305T035958,1686.01,1.1308,34.7259,26
CTD_CP,20240305T035958,1687.93,1.1299,34.7259,26
CTD_CP,20240305T035958,1690.02,1.1292,34.7258,30
CTD_CP,20240305T035958,1692.06,1.1290,34.7258,24
CTD_CP,20240305T035958,1693.95,1.1275,34.7257,25
CTD_CP,20240305T035958,1696.02,1.1260,34.7257,28
CTD_CP,20240305T035958,1698.10,1.1243,34.7256,25
CTD_CP,20240305T035958,1700.07,1.1238,34.7256,25
CTD_CP,20240305T035958,1702.09,1.1245,34.7254,25
CTD_CP,20240305T035958,1704.03,1.1234,34.7255,24
CTD_CP,20240305T035958,1705.93,1.1218,34.7254,23
CTD_CP,20240305T035958,1707.88,1.1190,34.7252,25
CTD_CP,20240305T035958,1709.98,1.1170,34.7252,28
CTD_CP,20240305T035958,1712.04,1.1171,34.7251,23
CTD_CP,20240305T035958,1713.99,1.1171,34.7251,25
CTD_CP,20240305T035958,1716.02,1.1153,34.7250,24
CTD_CP,20240305T035958,1717.99,1.1153,34.7249,23
CTD_CP,20240305T035959,1719.88,1.1148,34.7250,23
CTD_CP,20240305T035959,1721.86,1.1134,34.7249,25
CTD_CP,20240305T035959,1724.01,1.1097,34.7249,28
CTD_CP,20240305T035959,1726.09,1.1090,34.7247,22
CTD_CP,20240305T035959,1728.02,1.1081,34.7248,26
CTD_CP,20240305T035959,1730.07,1.1077,34.7247,24
CTD_CP,20240305T035959,1732.01,1.1071,34.7246,23
CTD_CP,20240305T035959,1733.95,1.1067,34.7246,24
CTD_CP,20240305T035959,1735.94,1.1066,34.7247,24
CTD_CP,20240305T035959,1737.97,1.1065,34.7246,25
CTD_CP,20240305T035959,1739.98,1.1064,34.7246,24
CTD_CP,20240305T035959,1741.94,1.1058,34.7246,24
CTD_CP,20240305T035959,1743.92,1.1063,34.7246,24
CTD_CP,20240305T035959,1745.89,1.1061,34.7244,24
CTD_CP,20240305T035959,1748.01,1.1035,34.7245,29
CTD_CP,20240305T035959,1750.12,1.0985,34.7241,24
CTD_CP,20240305T035959,1752.08,1.0955,34.7242,24
CTD_CP,20240305T035959,1754.05,1.0970,34.7242,24
CTD_CP,20240305T035959,1756.10,1.0990,34.7242,24
CTD_CP,20240305T035959,1758.12,1.1004,34.7244,24
CTD_CP,20240305T040000,1760.14,1.1020,34.7242,23
CTD_CP,20240305T040000,1762.10,1.1008,34.7243,23
CTD_CP,20240305T040000,1764.13,1.1003,34.7242,24
CTD_CP,20240305T040000,1766.14,1.1003,34.7241,23
CTD_CP,20240305T040000,1768.09,1.0995,34.7241,23
CTD_CP,20240305T040000,1770.07,1.0967,34.7239,24
CTD_CP,20240305T040000,1772.05,1.0915,34.7237,24
CTD_CP,20240305T040000,1773.98,1.0903,34.7237,23
CTD_CP,20240305T040000,1775.91,1.0891,34.7236,24
CTD_CP,20240305T040000,1777.87,1.0878,34.7235,24
CTD_CP,20240305T040000,1779.85,1.0869,34.7235,24
CTD_CP,20240305T040000,1781.98,1.0876,34.7235,27
CTD_CP,20240305T040000,1784.10,1.0877,34.7237,24
CTD_CP,20240305T040000,1786.12,1.0872,34.7235,24
CTD_CP,20240305T040000,1788.11,1.0874,34.7234,23
CTD_CP,20240305T040000,1790.11,1.0878,34.7234,24
CTD_CP,20240305T040000,1792.13,1.0869,34.7234,22
CTD_CP,20240305T040000,1794.07,1.0873,34.7235,23
CTD_CP,20240305T040000,1796.01,1.0872,34.7233,21
CTD_CP,20240305T040001,1797.91,1.0834,34.7233,23
CTD_CP,20240305T040001,1799.90,1.0809,34.7229,23
CTD_CP,20240305T040001,1801.87,1.0793,34.7229,24
CTD_CP,20240305T040001,1803.88,1.0790,34.7228,24
CTD_CP,20240305T040001,1805.89,1.0782,34.7227,24
CTD_CP,20240305T040001,1807.95,1.0779,34.7228,25
CTD_CP,20240305T040001,1809.89,1.0770,34.7228,22
CTD_CP,20240305T040001,1811.96,1.0773,34.7227,27
CTD_CP,20240305T040001,1814.05,1.0748,34.7226,23
CTD_CP,20240305T040001,1816.01,1.0675,34.7222,23
CTD_CP,20240305T040001,1818.01,1.0640,34.7218,24
CTD_CP,20240305T040001,1820.01,1.0638,34.7217,23
CTD_CP,20240305T040001,1822.03,1.0635,34.7218,24
CTD_CP,20240305T040001,1823.98,1.0636,34.7219,22
CTD_CP,20240305T040001,1825.91,1.0632,34.7216,23
CTD_CP,20240305T040001,1827.93,1.0619,34.7216,24
CTD_CP,20240305T040001,1829.94,1.0617,34.7215,23
CTD_CP,20240305T040001,1831.91,1.0598,34.7214,23
CTD_CP,20240305T040001,1833.98,1.0597,34.7213,25
CTD_CP,20240305T040002,1836.07,1.0598,34.7214,25
CTD_CP,20240305T040002,1838.12,1.0598,34.7214,23
CTD_CP,20240305T040002,1840.14,1.0603,34.7212,24
CTD_CP,20240305T040002,1842.11,1.0586,34.7213,22
CTD_CP,20240305T040002,1844.06,1.0583,34.7213,23
CTD_CP,20240305T040002,1846.04,1.0581,34.7212,22
CTD_CP,20240305T040002,1848.09,1.0572,34.7210,24
CTD_CP,20240305T040002,1850.15,1.0507,34.7210,23
CTD_CP,20240305T040002,1852.13,1.0488,34.7208,22
CTD_CP,20240305T040002,1853.96,1.0496,34.7207,20
CTD_CP,20240305T040002,1855.87,1.0485,34.7207,24
CTD_CP,20240305T040002,1857.91,1.0472,34.7207,22
CTD_CP,20240305T040002,1859.89,1.0458,34.7206,23
CTD_CP,20240305T040002,1861.89,1.0443,34.7207,22
CTD_CP,20240305T040002,1863.89,1.0435,34.7205,23
CTD_CP,20240305T040002,1865.93,1.0429,34.7204,23
CTD_CP,20240305T040002,1867.96,1.0413,34.7201,23
CTD_CP,20240305T040002,1869.95,1.0388,34.7200,23
CTD_CP,20240305T040002,1871.97,1.0364,34.7201,23
CTD_CP,20240305T040003,1873.99,1.0354,34.7198,23
CTD_CP,20240305T040003,1876.02,1.0268,34.7196,23
CTD_CP,20240305T040003,1878.01,1.0212,34.7191,23
CTD_CP,20240305T040003,1879.96,1.0202,34.7189,22
CTD_CP,20240305T040003,1881.95,1.0182,34.7189,24
CTD_CP,20240305T040003,1883.91,1.0155,34.7185,21
CTD_CP,20240305T040003,1885.81,1.0112,34.7184,22
CTD_CP,20240305T040003,1887.97,1.0069,34.7182,27
CTD_CP,20240305T040003,1890.07,1.0061,34.7181,22
CTD_CP,20240305T040003,1891.99,1.0052,34.7180,22
CTD_CP,20240305T040003,1894.01,1.0026,34.7179,24
CTD_CP,20240305T040003,1896.06,1.0031,34.7182,25
CTD_CP,20240305T040003,1897.99,1.0038,34.7182,25
CTD_CP,20240305T040003,1899.95,1.0008,34.7182,31
CTD_CP,20240305T040003,1902.09,0.9961,34.7178,31
CTD_CP,20240305T040003,1904.00,0.9937,34.7176,25
CTD_CP,20240305T040003,1905.89,0.9886,34.7174,31
CTD_CP,20240305T040003,1907.96,0.9853,34.7169,30
CTD_CP,20240305T040003,1910.02,0.9850,34.7168,30
CTD_CP,20240305T040004,1912.06,0.9831,34.7166,29
CTD_CP,20240305T040004,1913.99,0.9766,34.7163,26
CTD_CP,20240305T040004,1915.96,0.9761,34.7163,30
CTD_CP,20240305T040004,1917.99,0.9724,34.7163,28
CTD_CP,20240305T040004,1920.01,0.9707,34.7163,29
CTD_CP,20240305T040004,1922.07,0.9681,34.7159,29
CTD_CP,20240305T040004,1923.98,0.9674,34.7159,26
CTD_CP,20240305T040004,1925.89,0.9665,34.7158,29
CTD_CP,20240305T040004,1927.90,0.9625,34.7157,29
CTD_CP,20240305T040004,1929.93,0.9579,34.7153,28
CTD_CP,20240305T040004,1931.94,0.9575,34.7151,28
CTD_CP,20240305T040004,1933.94,0.9555,34.7151,27
CTD_CP,20240305T040004,1935.97,0.9535,34.7149,28
CTD_CP,20240305T040004,1938.04,0.9479,34.7146,28
CTD_CP,20240305T040004,1940.12,0.9474,34.7145,28
CTD_CP,20240305T040004,1942.05,0.9471,34.7143,23
CTD_CP,20240305T040004,1943.87,0.9412,34.7144,26
CTD_CP,20240305T040004,1945.89,0.9382,34.7141,27
CTD_CP,20240305T040004,1947.91,0.9359,34.7140,26
CTD_CP,20240305T040005,1949.96,0.9283,34.7137,28
CTD_CP,20240305T040005,1951.98,0.9261,34.7134,25
CTD_CP,20240305T040005,1953.95,0.9242,34.7134,27
CTD_CP,20240305T040005,1956.04,0.9218,34.7133,28
CTD_CP,20240305T040005,1958.10,0.9217,34.7132,26
CTD_CP,20240305T040005,1960.01,0.9213,34.7132,23
CTD_CP,20240305T040005,1961.90,0.9197,34.7132,24
CTD_CP,20240305T040005,1963.96,0.9172,34.7130,24
CTD_CP,20240305T040005,1965.92,0.9124,34.7129,21
CTD_CP,20240305T040005,1967.85,0.9081,34.7128,24
CTD_CP,20240305T040005,1969.96,0.9083,34.7128,25
CTD_CP,20240305T040005,1972.02,0.9083,34.7128,23
CTD_P,20240305T040014,-0.60
CTD_P,20240305T040015,-0.54
Message,20240305T040020,Surface Mission***************
CTD_P,20240305T040022,-0.70
CTD_P,20240305T040024,-0.63
CTD_P,20240305T040025,-0.45
O2,20240305T040028,376.65079,88.49107,2.54098,33.78843,36.28342,43.61810,7.33468,785.50159,733.15582,792.24683
CTD_P,20240305T040030,-0.67
O2,20240305T040043,377.59991,88.74375,2.55339,33.75036,36.24536,43.57225,7.32689,784.62097,732.81818,791.89673
CTD_P,20240305T040044,-0.60
O2,20240305T040058,375.70511,88.45117,2.61744,33.77638,36.27138,43.59099,7.31961,785.24933,732.63202,790.08893
CTD_P,20240305T040059,-0.49
O2,20240305T040114,378.18979,88.88083,2.55273,33.73146,36.22646,43.54829,7.32183,784.05847,732.57489,791.91522
CTD_P,20240305T040115,-0.44
O2,20240305T040128,376.63708,88.50693,2.54899,33.78436,36.27936,43.60178,7.32242,785.30438,732.33423,792.02081
CTD_P,20240305T040129,-0.80
O2,20240305T040143,376.53720,88.47478,2.54536,33.78968,36.28468,43.60335,7.31867,785.69629,732.29883,792.12341
CTD_P,20240305T040145,-0.41
O2,20240305T040158,376.61639,88.49471,2.54589,33.78679,36.28178,43.60229,7.32051,785.54498,732.21918,792.10840
CTD_P,20240305T040159,-0.66
O2,20240305T040213,377.51501,88.78762,2.58002,33.73813,36.23313,43.55121,7.31808,784.12323,732.10760,791.14532
CTD_P,20240305T040215,-0.64
O2,20240305T040228,376.88531,88.54648,2.54113,33.78066,36.27566,43.59735,7.32169,785.44202,732.06598,792.24261
CTD_P,20240305T040229,-0.63
O2,20240305T040243,377.08011,88.59660,2.54295,33.77325,36.26825,43.58568,7.31743,784.76331,732.09192,792.19122
CTD_P,20240305T040245,-0.56
CTD_P,20240305T041034,-0.86
O2,20240305T041038,371.56799,88.09395,2.87860,33.76616,36.26116,43.62790,7.36674,784.52539,731.31653,782.70349
CTD_P,20240305T041039,-0.76
O2,20240305T041052,369.70190,87.67616,2.88908,33.82241,36.31741,43.67055,7.35313,786.65918,730.83759,782.40662
CTD_P,20240305T041053,-0.88
O2,20240305T041108,372.01230,88.16524,2.86422,33.75949,36.25449,43.60127,7.34678,784.83710,730.60101,783.11102
CTD_P,20240305T041109,-0.85
O2,20240305T041122,374.00671,88.11782,2.64546,33.81655,36.31155,43.66112,7.34957,786.29449,730.25122,789.29779
CTD_P,20240305T041123,-0.87
O2,20240305T041137,372.81189,88.32030,2.84969,33.74116,36.23616,43.58154,7.34538,784.17432,730.11810,783.52228
CTD_P,20240305T041139,-0.90
O2,20240305T041152,372.72800,88.31967,2.85781,33.73938,36.23438,43.58238,7.34801,784.07428,729.99689,783.29230
CTD_P,20240305T041153,-0.85
O2,20240305T041207,373.52869,88.41103,2.81641,33.73616,36.23116,43.57477,7.34361,784.07843,729.82422,784.46442
CTD_P,20240305T041209,-0.74
O2,20240305T041222,372.43719,87.92240,2.71916,33.82698,36.32198,43.66782,7.34584,785.80011,729.73907,787.21527
CTD_P,20240305T041223,-0.62
O2,20240305T041237,371.18140,88.12598,2.93097,33.74960,36.24460,43.58554,7.34094,784.29883,729.82343,781.21948
CTD_P,20240305T041238,-0.85
O2,20240305T041253,373.91089,88.43028,2.78646,33.74037,36.23537,43.57767,7.34230,783.98383,729.66711,785.31201
CTD_P,20240305T041254,-0.92
CTD_P,20240305T041305,-0.80
CTD_P,20240305T041307,-0.91
CTD_P,20240305T041331,-0.69
Message,20240305T041337,CP Already Stopped
CTD_P,20240305T041339,-0.91
CTD_P,20240305T041340,-0.80
CTD_P,20240305T041341,-0.77
GPS,20240305T042849,-53.083630,82.657967,11
